index, timestamp, power.draw [W], clocks.current.sm [MHz], clocks.current.memory [MHz], clocks.current.graphics [MHz]
0, 2022/03/24 13:01:49.613, 8.27 W, 141 MHz, 405 MHz, 141 MHz
0, 2022/03/24 13:01:59.630, 7.63 W, 95 MHz, 405 MHz, 95 MHz
0, 2022/03/24 13:02:09.637, 7.73 W, 83 MHz, 405 MHz, 83 MHz
0, 2022/03/24 13:02:19.644, 33.71 W, 1506 MHz, 4006 MHz, 1506 MHz
0, 2022/03/24 13:02:29.665, 33.03 W, 1506 MHz, 3802 MHz, 1506 MHz
0, 2022/03/24 13:02:39.675, 63.00 W, 1822 MHz, 3802 MHz, 1822 MHz
0, 2022/03/24 13:02:49.686, 120.37 W, 1850 MHz, 3802 MHz, 1850 MHz
0, 2022/03/24 13:02:59.704, 100.98 W, 1844 MHz, 3802 MHz, 1844 MHz
0, 2022/03/24 13:03:09.713, 133.13 W, 1839 MHz, 3802 MHz, 1839 MHz
0, 2022/03/24 13:03:19.724, 121.95 W, 1809 MHz, 3802 MHz, 1809 MHz
0, 2022/03/24 13:03:29.735, 125.97 W, 1817 MHz, 3802 MHz, 1817 MHz
0, 2022/03/24 13:03:39.752, 125.02 W, 1815 MHz, 3802 MHz, 1815 MHz
0, 2022/03/24 13:03:49.756, 120.82 W, 1810 MHz, 3802 MHz, 1810 MHz
0, 2022/03/24 13:03:59.775, 93.93 W, 1789 MHz, 3802 MHz, 1789 MHz
0, 2022/03/24 13:04:09.788, 129.17 W, 1807 MHz, 3802 MHz, 1807 MHz
0, 2022/03/24 13:04:19.803, 106.11 W, 1812 MHz, 3802 MHz, 1812 MHz
0, 2022/03/24 13:04:29.810, 115.81 W, 1776 MHz, 3802 MHz, 1776 MHz
0, 2022/03/24 13:04:39.823, 129.48 W, 1750 MHz, 3802 MHz, 1750 MHz
0, 2022/03/24 13:04:49.842, 131.98 W, 1792 MHz, 3802 MHz, 1792 MHz
0, 2022/03/24 13:04:59.851, 52.94 W, 1779 MHz, 3802 MHz, 1779 MHz
0, 2022/03/24 13:05:09.866, 128.68 W, 1800 MHz, 3802 MHz, 1800 MHz
0, 2022/03/24 13:05:19.882, 134.01 W, 1765 MHz, 3802 MHz, 1765 MHz
0, 2022/03/24 13:05:29.901, 142.05 W, 1788 MHz, 3802 MHz, 1788 MHz
0, 2022/03/24 13:05:39.908, 124.98 W, 1786 MHz, 3802 MHz, 1786 MHz
0, 2022/03/24 13:05:49.928, 131.20 W, 1789 MHz, 3802 MHz, 1789 MHz
0, 2022/03/24 13:05:59.934, 146.59 W, 1783 MHz, 3802 MHz, 1783 MHz
0, 2022/03/24 13:06:09.949, 98.36 W, 1766 MHz, 3802 MHz, 1766 MHz
0, 2022/03/24 13:06:19.966, 114.99 W, 1769 MHz, 3802 MHz, 1769 MHz
0, 2022/03/24 13:06:29.983, 148.71 W, 1764 MHz, 3802 MHz, 1764 MHz
0, 2022/03/24 13:06:39.996, 124.17 W, 1786 MHz, 3802 MHz, 1786 MHz
0, 2022/03/24 13:06:50.006, 127.24 W, 1760 MHz, 3802 MHz, 1760 MHz
0, 2022/03/24 13:07:00.013, 126.57 W, 1775 MHz, 3802 MHz, 1775 MHz
0, 2022/03/24 13:07:10.024, 92.67 W, 1792 MHz, 3802 MHz, 1792 MHz
0, 2022/03/24 13:07:20.041, 137.27 W, 1781 MHz, 3802 MHz, 1781 MHz
0, 2022/03/24 13:07:30.053, 124.47 W, 1770 MHz, 3802 MHz, 1770 MHz
0, 2022/03/24 13:07:40.060, 137.42 W, 1762 MHz, 3802 MHz, 1762 MHz
0, 2022/03/24 13:07:50.073, 53.23 W, 1761 MHz, 3802 MHz, 1761 MHz
0, 2022/03/24 13:08:00.091, 137.20 W, 1773 MHz, 3802 MHz, 1773 MHz
0, 2022/03/24 13:08:10.105, 68.46 W, 1767 MHz, 3802 MHz, 1767 MHz
0, 2022/03/24 13:08:20.110, 138.56 W, 1764 MHz, 3802 MHz, 1764 MHz
0, 2022/03/24 13:08:30.121, 139.57 W, 1784 MHz, 3802 MHz, 1784 MHz
0, 2022/03/24 13:08:40.133, 128.67 W, 1772 MHz, 3802 MHz, 1772 MHz
0, 2022/03/24 13:08:50.139, 144.25 W, 1765 MHz, 3802 MHz, 1765 MHz
0, 2022/03/24 13:09:00.149, 68.06 W, 1756 MHz, 3802 MHz, 1756 MHz
0, 2022/03/24 13:09:10.164, 129.61 W, 1786 MHz, 3802 MHz, 1786 MHz
0, 2022/03/24 13:09:20.182, 151.73 W, 1761 MHz, 3802 MHz, 1761 MHz
0, 2022/03/24 13:09:30.202, 132.60 W, 1685 MHz, 3802 MHz, 1685 MHz
0, 2022/03/24 13:09:40.220, 81.13 W, 1763 MHz, 3802 MHz, 1763 MHz
0, 2022/03/24 13:09:50.238, 127.34 W, 1783 MHz, 3802 MHz, 1783 MHz
0, 2022/03/24 13:10:00.243, 144.08 W, 1777 MHz, 3802 MHz, 1777 MHz
0, 2022/03/24 13:10:10.262, 138.14 W, 1740 MHz, 3802 MHz, 1740 MHz
0, 2022/03/24 13:10:20.275, 70.61 W, 1786 MHz, 3802 MHz, 1786 MHz
0, 2022/03/24 13:10:30.286, 134.70 W, 1767 MHz, 3802 MHz, 1767 MHz
0, 2022/03/24 13:10:40.305, 119.37 W, 1744 MHz, 3802 MHz, 1744 MHz
0, 2022/03/24 13:10:50.322, 123.09 W, 1785 MHz, 3802 MHz, 1785 MHz
0, 2022/03/24 13:11:00.332, 56.15 W, 1771 MHz, 3802 MHz, 1771 MHz
0, 2022/03/24 13:11:10.345, 126.57 W, 1783 MHz, 3802 MHz, 1783 MHz
0, 2022/03/24 13:11:20.356, 122.03 W, 1789 MHz, 3802 MHz, 1789 MHz
0, 2022/03/24 13:11:30.365, 135.03 W, 1779 MHz, 3802 MHz, 1779 MHz
0, 2022/03/24 13:11:40.379, 51.92 W, 1752 MHz, 3802 MHz, 1752 MHz
0, 2022/03/24 13:11:50.388, 132.04 W, 1741 MHz, 3802 MHz, 1741 MHz
0, 2022/03/24 13:12:00.403, 146.64 W, 1768 MHz, 3802 MHz, 1768 MHz
0, 2022/03/24 13:12:10.413, 62.60 W, 1776 MHz, 3802 MHz, 1776 MHz
0, 2022/03/24 13:12:20.429, 127.58 W, 1777 MHz, 3802 MHz, 1777 MHz
0, 2022/03/24 13:12:30.447, 106.29 W, 1776 MHz, 3802 MHz, 1776 MHz
0, 2022/03/24 13:12:40.465, 118.80 W, 1775 MHz, 3802 MHz, 1775 MHz
0, 2022/03/24 13:12:50.479, 129.55 W, 1780 MHz, 3802 MHz, 1780 MHz
0, 2022/03/24 13:13:00.497, 132.13 W, 1763 MHz, 3802 MHz, 1763 MHz
0, 2022/03/24 13:13:10.515, 112.48 W, 1762 MHz, 3802 MHz, 1762 MHz
0, 2022/03/24 13:13:20.523, 157.27 W, 1764 MHz, 3802 MHz, 1764 MHz
0, 2022/03/24 13:13:30.535, 142.40 W, 1809 MHz, 3802 MHz, 1809 MHz
0, 2022/03/24 13:13:40.554, 51.25 W, 1781 MHz, 3802 MHz, 1781 MHz
0, 2022/03/24 13:13:50.562, 55.84 W, 1789 MHz, 3802 MHz, 1789 MHz
0, 2022/03/24 13:14:00.575, 142.80 W, 1798 MHz, 3802 MHz, 1798 MHz
0, 2022/03/24 13:14:10.589, 123.87 W, 1803 MHz, 3802 MHz, 1803 MHz
0, 2022/03/24 13:14:20.609, 117.15 W, 1800 MHz, 3802 MHz, 1800 MHz
0, 2022/03/24 13:14:30.622, 129.15 W, 1789 MHz, 3802 MHz, 1789 MHz
0, 2022/03/24 13:14:40.633, 141.63 W, 1781 MHz, 3802 MHz, 1781 MHz
0, 2022/03/24 13:14:50.640, 140.43 W, 1776 MHz, 3802 MHz, 1776 MHz
0, 2022/03/24 13:15:00.663, 133.79 W, 1771 MHz, 3802 MHz, 1771 MHz
0, 2022/03/24 13:15:10.677, 56.80 W, 1789 MHz, 3802 MHz, 1789 MHz
0, 2022/03/24 13:15:20.691, 151.51 W, 1785 MHz, 3802 MHz, 1785 MHz
0, 2022/03/24 13:15:30.701, 49.77 W, 1791 MHz, 3802 MHz, 1791 MHz
0, 2022/03/24 13:15:40.705, 151.11 W, 1778 MHz, 3802 MHz, 1778 MHz
0, 2022/03/24 13:15:50.720, 135.36 W, 1777 MHz, 3802 MHz, 1777 MHz
0, 2022/03/24 13:16:00.726, 124.97 W, 1794 MHz, 3802 MHz, 1794 MHz
0, 2022/03/24 13:16:10.741, 138.40 W, 1780 MHz, 3802 MHz, 1780 MHz
0, 2022/03/24 13:16:20.747, 129.82 W, 1785 MHz, 3802 MHz, 1785 MHz
0, 2022/03/24 13:16:30.763, 52.79 W, 1771 MHz, 3802 MHz, 1771 MHz
0, 2022/03/24 13:16:40.781, 123.99 W, 1782 MHz, 3802 MHz, 1782 MHz
0, 2022/03/24 13:16:50.805, 124.74 W, 1766 MHz, 3802 MHz, 1766 MHz
0, 2022/03/24 13:17:00.821, 129.39 W, 1754 MHz, 3802 MHz, 1754 MHz
0, 2022/03/24 13:17:10.838, 136.54 W, 1780 MHz, 3802 MHz, 1780 MHz
0, 2022/03/24 13:17:20.851, 150.61 W, 1783 MHz, 3802 MHz, 1783 MHz
0, 2022/03/24 13:17:30.871, 128.79 W, 1767 MHz, 3802 MHz, 1767 MHz
0, 2022/03/24 13:17:40.890, 137.78 W, 1746 MHz, 3802 MHz, 1746 MHz
0, 2022/03/24 13:17:50.905, 153.75 W, 1780 MHz, 3802 MHz, 1780 MHz
0, 2022/03/24 13:18:00.915, 147.05 W, 1786 MHz, 3802 MHz, 1786 MHz
0, 2022/03/24 13:18:10.933, 123.57 W, 1775 MHz, 3802 MHz, 1775 MHz
0, 2022/03/24 13:18:20.945, 141.39 W, 1778 MHz, 3802 MHz, 1778 MHz
0, 2022/03/24 13:18:30.963, 150.54 W, 1776 MHz, 3802 MHz, 1776 MHz
0, 2022/03/24 13:18:40.981, 127.85 W, 1758 MHz, 3802 MHz, 1758 MHz
0, 2022/03/24 13:18:50.999, 136.16 W, 1792 MHz, 3802 MHz, 1792 MHz
0, 2022/03/24 13:19:01.007, 149.68 W, 1779 MHz, 3802 MHz, 1779 MHz
0, 2022/03/24 13:19:11.029, 144.21 W, 1775 MHz, 3802 MHz, 1775 MHz
0, 2022/03/24 13:19:21.046, 50.10 W, 1775 MHz, 3802 MHz, 1775 MHz
0, 2022/03/24 13:19:31.055, 137.34 W, 1785 MHz, 3802 MHz, 1785 MHz
0, 2022/03/24 13:19:41.072, 127.94 W, 1760 MHz, 3802 MHz, 1760 MHz
0, 2022/03/24 13:19:51.088, 65.28 W, 1775 MHz, 3802 MHz, 1775 MHz
0, 2022/03/24 13:20:01.100, 53.25 W, 1773 MHz, 3802 MHz, 1773 MHz
0, 2022/03/24 13:20:11.113, 120.86 W, 1758 MHz, 3802 MHz, 1758 MHz
0, 2022/03/24 13:20:21.118, 124.47 W, 1748 MHz, 3802 MHz, 1748 MHz
0, 2022/03/24 13:20:31.131, 140.50 W, 1743 MHz, 3802 MHz, 1743 MHz
0, 2022/03/24 13:20:41.150, 134.25 W, 1790 MHz, 3802 MHz, 1790 MHz
0, 2022/03/24 13:20:51.164, 147.98 W, 1780 MHz, 3802 MHz, 1780 MHz
0, 2022/03/24 13:21:01.178, 77.96 W, 1793 MHz, 3802 MHz, 1793 MHz
0, 2022/03/24 13:21:11.186, 129.04 W, 1780 MHz, 3802 MHz, 1780 MHz
0, 2022/03/24 13:21:21.191, 146.12 W, 1755 MHz, 3802 MHz, 1755 MHz
0, 2022/03/24 13:21:31.211, 127.67 W, 1798 MHz, 3802 MHz, 1798 MHz
0, 2022/03/24 13:21:41.228, 136.28 W, 1774 MHz, 3802 MHz, 1774 MHz
0, 2022/03/24 13:21:51.239, 133.11 W, 1729 MHz, 3802 MHz, 1729 MHz
0, 2022/03/24 13:22:01.246, 125.97 W, 1761 MHz, 3802 MHz, 1761 MHz
0, 2022/03/24 13:22:11.258, 91.47 W, 1771 MHz, 3802 MHz, 1771 MHz
0, 2022/03/24 13:22:21.270, 119.77 W, 1741 MHz, 3802 MHz, 1741 MHz
0, 2022/03/24 13:22:31.278, 135.39 W, 1768 MHz, 3802 MHz, 1768 MHz
0, 2022/03/24 13:22:41.292, 50.40 W, 1784 MHz, 3802 MHz, 1784 MHz
0, 2022/03/24 13:22:51.304, 145.58 W, 1789 MHz, 3802 MHz, 1789 MHz
0, 2022/03/24 13:23:01.315, 127.77 W, 1760 MHz, 3802 MHz, 1760 MHz
0, 2022/03/24 13:23:11.319, 117.42 W, 1772 MHz, 3802 MHz, 1772 MHz
0, 2022/03/24 13:23:21.334, 70.71 W, 1707 MHz, 3802 MHz, 1707 MHz
0, 2022/03/24 13:23:31.340, 54.13 W, 1778 MHz, 3802 MHz, 1778 MHz
0, 2022/03/24 13:23:41.353, 124.88 W, 1739 MHz, 3802 MHz, 1739 MHz
0, 2022/03/24 13:23:51.365, 89.82 W, 1778 MHz, 3802 MHz, 1778 MHz
0, 2022/03/24 13:24:01.372, 121.13 W, 1793 MHz, 3802 MHz, 1793 MHz
0, 2022/03/24 13:24:11.382, 136.63 W, 1789 MHz, 3802 MHz, 1789 MHz
0, 2022/03/24 13:24:21.394, 122.54 W, 1770 MHz, 3802 MHz, 1770 MHz
0, 2022/03/24 13:24:31.410, 129.36 W, 1774 MHz, 3802 MHz, 1774 MHz
0, 2022/03/24 13:24:41.421, 133.98 W, 1800 MHz, 3802 MHz, 1800 MHz
0, 2022/03/24 13:24:51.433, 52.91 W, 1790 MHz, 3802 MHz, 1790 MHz
0, 2022/03/24 13:25:01.443, 131.15 W, 1774 MHz, 3802 MHz, 1774 MHz
0, 2022/03/24 13:25:11.454, 124.08 W, 1782 MHz, 3802 MHz, 1782 MHz
0, 2022/03/24 13:25:21.463, 139.49 W, 1780 MHz, 3802 MHz, 1780 MHz
0, 2022/03/24 13:25:31.475, 143.33 W, 1777 MHz, 3802 MHz, 1777 MHz
0, 2022/03/24 13:25:41.485, 126.64 W, 1744 MHz, 3802 MHz, 1744 MHz
0, 2022/03/24 13:25:51.490, 146.57 W, 1783 MHz, 3802 MHz, 1783 MHz
0, 2022/03/24 13:26:01.506, 128.30 W, 1787 MHz, 3802 MHz, 1787 MHz
0, 2022/03/24 13:26:11.524, 55.37 W, 1768 MHz, 3802 MHz, 1768 MHz
0, 2022/03/24 13:26:21.528, 51.29 W, 1767 MHz, 3802 MHz, 1767 MHz
0, 2022/03/24 13:26:31.543, 128.73 W, 1791 MHz, 3802 MHz, 1791 MHz
0, 2022/03/24 13:26:41.551, 68.74 W, 1774 MHz, 3802 MHz, 1774 MHz
0, 2022/03/24 13:26:51.568, 124.38 W, 1777 MHz, 3802 MHz, 1777 MHz
0, 2022/03/24 13:27:01.584, 125.47 W, 1780 MHz, 3802 MHz, 1780 MHz
0, 2022/03/24 13:27:11.605, 113.87 W, 1737 MHz, 3802 MHz, 1737 MHz
0, 2022/03/24 13:27:21.626, 114.76 W, 1799 MHz, 3802 MHz, 1799 MHz
0, 2022/03/24 13:27:31.631, 130.39 W, 1773 MHz, 3802 MHz, 1773 MHz
0, 2022/03/24 13:27:41.644, 118.50 W, 1753 MHz, 3802 MHz, 1753 MHz
0, 2022/03/24 13:27:51.660, 135.69 W, 1772 MHz, 3802 MHz, 1772 MHz
0, 2022/03/24 13:28:01.669, 87.91 W, 1786 MHz, 3802 MHz, 1786 MHz
0, 2022/03/24 13:28:11.674, 139.03 W, 1785 MHz, 3802 MHz, 1785 MHz
0, 2022/03/24 13:28:21.683, 126.89 W, 1789 MHz, 3802 MHz, 1789 MHz
0, 2022/03/24 13:28:31.704, 132.94 W, 1796 MHz, 3802 MHz, 1796 MHz
0, 2022/03/24 13:28:41.717, 135.57 W, 1750 MHz, 3802 MHz, 1750 MHz
0, 2022/03/24 13:28:51.723, 141.28 W, 1771 MHz, 3802 MHz, 1771 MHz
0, 2022/03/24 13:29:01.729, 65.60 W, 1780 MHz, 3802 MHz, 1780 MHz
0, 2022/03/24 13:29:11.741, 117.68 W, 1753 MHz, 3802 MHz, 1753 MHz
0, 2022/03/24 13:29:21.749, 131.73 W, 1765 MHz, 3802 MHz, 1765 MHz
0, 2022/03/24 13:29:31.764, 93.91 W, 1797 MHz, 3802 MHz, 1797 MHz
0, 2022/03/24 13:29:41.775, 58.81 W, 1785 MHz, 3802 MHz, 1785 MHz
0, 2022/03/24 13:29:51.788, 137.07 W, 1789 MHz, 3802 MHz, 1789 MHz
0, 2022/03/24 13:30:01.806, 115.69 W, 1764 MHz, 3802 MHz, 1764 MHz
0, 2022/03/24 13:30:11.823, 106.37 W, 1774 MHz, 3802 MHz, 1774 MHz
0, 2022/03/24 13:30:21.828, 138.32 W, 1781 MHz, 3802 MHz, 1781 MHz
0, 2022/03/24 13:30:31.836, 125.56 W, 1797 MHz, 3802 MHz, 1797 MHz
0, 2022/03/24 13:30:41.846, 124.92 W, 1769 MHz, 3802 MHz, 1769 MHz
0, 2022/03/24 13:30:51.854, 127.96 W, 1767 MHz, 3802 MHz, 1767 MHz
0, 2022/03/24 13:31:01.865, 138.29 W, 1774 MHz, 3802 MHz, 1774 MHz
0, 2022/03/24 13:31:11.877, 146.58 W, 1781 MHz, 3802 MHz, 1781 MHz
0, 2022/03/24 13:31:21.888, 91.49 W, 1771 MHz, 3802 MHz, 1771 MHz
0, 2022/03/24 13:31:31.898, 119.17 W, 1776 MHz, 3802 MHz, 1776 MHz
0, 2022/03/24 13:31:41.914, 124.86 W, 1773 MHz, 3802 MHz, 1773 MHz
0, 2022/03/24 13:31:51.927, 133.96 W, 1799 MHz, 3802 MHz, 1799 MHz
0, 2022/03/24 13:32:01.939, 131.35 W, 1776 MHz, 3802 MHz, 1776 MHz
0, 2022/03/24 13:32:11.953, 140.30 W, 1765 MHz, 3802 MHz, 1765 MHz
0, 2022/03/24 13:32:21.972, 137.00 W, 1789 MHz, 3802 MHz, 1789 MHz
0, 2022/03/24 13:32:31.980, 115.89 W, 1773 MHz, 3802 MHz, 1773 MHz
0, 2022/03/24 13:32:41.985, 147.12 W, 1770 MHz, 3802 MHz, 1770 MHz
0, 2022/03/24 13:32:51.990, 137.73 W, 1797 MHz, 3802 MHz, 1797 MHz
0, 2022/03/24 13:33:01.995, 130.58 W, 1767 MHz, 3802 MHz, 1767 MHz
0, 2022/03/24 13:33:12.005, 146.08 W, 1782 MHz, 3802 MHz, 1782 MHz
0, 2022/03/24 13:33:22.023, 133.65 W, 1759 MHz, 3802 MHz, 1759 MHz
0, 2022/03/24 13:33:32.027, 129.33 W, 1763 MHz, 3802 MHz, 1763 MHz
0, 2022/03/24 13:33:42.041, 121.68 W, 1776 MHz, 3802 MHz, 1776 MHz
0, 2022/03/24 13:33:52.052, 91.07 W, 1712 MHz, 3802 MHz, 1712 MHz
0, 2022/03/24 13:34:02.056, 132.42 W, 1788 MHz, 3802 MHz, 1788 MHz
0, 2022/03/24 13:34:12.065, 128.49 W, 1763 MHz, 3802 MHz, 1763 MHz
0, 2022/03/24 13:34:22.075, 142.22 W, 1772 MHz, 3802 MHz, 1772 MHz
0, 2022/03/24 13:34:32.091, 108.41 W, 1781 MHz, 3802 MHz, 1781 MHz
0, 2022/03/24 13:34:42.100, 53.73 W, 1770 MHz, 3802 MHz, 1770 MHz
0, 2022/03/24 13:34:52.112, 143.16 W, 1783 MHz, 3802 MHz, 1783 MHz
0, 2022/03/24 13:35:02.131, 114.74 W, 1780 MHz, 3802 MHz, 1780 MHz
0, 2022/03/24 13:35:12.145, 145.21 W, 1767 MHz, 3802 MHz, 1767 MHz
0, 2022/03/24 13:35:22.163, 137.65 W, 1780 MHz, 3802 MHz, 1780 MHz
0, 2022/03/24 13:35:32.169, 50.10 W, 1779 MHz, 3802 MHz, 1779 MHz
0, 2022/03/24 13:35:42.178, 141.65 W, 1764 MHz, 3802 MHz, 1764 MHz
0, 2022/03/24 13:35:52.182, 145.90 W, 1780 MHz, 3802 MHz, 1780 MHz
0, 2022/03/24 13:36:02.203, 51.63 W, 1787 MHz, 3802 MHz, 1787 MHz
0, 2022/03/24 13:36:12.225, 133.29 W, 1792 MHz, 3802 MHz, 1792 MHz
0, 2022/03/24 13:36:22.231, 143.46 W, 1774 MHz, 3802 MHz, 1774 MHz
0, 2022/03/24 13:36:32.236, 144.38 W, 1785 MHz, 3802 MHz, 1785 MHz
0, 2022/03/24 13:36:42.243, 140.45 W, 1790 MHz, 3802 MHz, 1790 MHz
0, 2022/03/24 13:36:52.255, 140.18 W, 1760 MHz, 3802 MHz, 1760 MHz
0, 2022/03/24 13:37:02.271, 139.83 W, 1789 MHz, 3802 MHz, 1789 MHz
0, 2022/03/24 13:37:12.284, 149.12 W, 1790 MHz, 3802 MHz, 1790 MHz
0, 2022/03/24 13:37:22.302, 141.47 W, 1755 MHz, 3802 MHz, 1755 MHz
0, 2022/03/24 13:37:32.317, 132.21 W, 1787 MHz, 3802 MHz, 1787 MHz
0, 2022/03/24 13:37:42.333, 54.55 W, 1769 MHz, 3802 MHz, 1769 MHz
0, 2022/03/24 13:37:52.344, 137.73 W, 1787 MHz, 3802 MHz, 1787 MHz
0, 2022/03/24 13:38:02.358, 123.05 W, 1720 MHz, 3802 MHz, 1720 MHz
0, 2022/03/24 13:38:12.364, 58.01 W, 1783 MHz, 3802 MHz, 1783 MHz
0, 2022/03/24 13:38:22.381, 132.10 W, 1777 MHz, 3802 MHz, 1777 MHz
0, 2022/03/24 13:38:32.407, 132.29 W, 1792 MHz, 3802 MHz, 1792 MHz
0, 2022/03/24 13:38:42.417, 127.88 W, 1793 MHz, 3802 MHz, 1793 MHz
0, 2022/03/24 13:38:52.433, 132.67 W, 1776 MHz, 3802 MHz, 1776 MHz
0, 2022/03/24 13:39:02.440, 117.87 W, 1769 MHz, 3802 MHz, 1769 MHz
0, 2022/03/24 13:39:12.445, 142.66 W, 1788 MHz, 3802 MHz, 1788 MHz
0, 2022/03/24 13:39:22.463, 113.23 W, 1764 MHz, 3802 MHz, 1764 MHz
0, 2022/03/24 13:39:32.475, 131.80 W, 1765 MHz, 3802 MHz, 1765 MHz
0, 2022/03/24 13:39:42.482, 122.87 W, 1782 MHz, 3802 MHz, 1782 MHz
0, 2022/03/24 13:39:52.494, 132.44 W, 1780 MHz, 3802 MHz, 1780 MHz
0, 2022/03/24 13:40:02.509, 124.28 W, 1778 MHz, 3802 MHz, 1778 MHz
0, 2022/03/24 13:40:12.516, 54.01 W, 1797 MHz, 3802 MHz, 1797 MHz
0, 2022/03/24 13:40:22.529, 138.55 W, 1789 MHz, 3802 MHz, 1789 MHz
0, 2022/03/24 13:40:32.541, 127.63 W, 1770 MHz, 3802 MHz, 1770 MHz
0, 2022/03/24 13:40:42.558, 131.71 W, 1796 MHz, 3802 MHz, 1796 MHz
0, 2022/03/24 13:40:52.572, 136.94 W, 1796 MHz, 3802 MHz, 1796 MHz
0, 2022/03/24 13:41:02.584, 147.71 W, 1765 MHz, 3802 MHz, 1765 MHz
0, 2022/03/24 13:41:12.599, 141.28 W, 1778 MHz, 3802 MHz, 1778 MHz
0, 2022/03/24 13:41:22.618, 54.67 W, 1784 MHz, 3802 MHz, 1784 MHz
0, 2022/03/24 13:41:32.632, 54.47 W, 1772 MHz, 3802 MHz, 1772 MHz
0, 2022/03/24 13:41:42.638, 116.84 W, 1787 MHz, 3802 MHz, 1787 MHz
0, 2022/03/24 13:41:52.641, 123.39 W, 1732 MHz, 3802 MHz, 1732 MHz
0, 2022/03/24 13:42:02.646, 124.79 W, 1755 MHz, 3802 MHz, 1755 MHz
0, 2022/03/24 13:42:12.652, 112.93 W, 1759 MHz, 3802 MHz, 1759 MHz
0, 2022/03/24 13:42:22.669, 125.49 W, 1790 MHz, 3802 MHz, 1790 MHz
0, 2022/03/24 13:42:32.685, 143.27 W, 1773 MHz, 3802 MHz, 1773 MHz
0, 2022/03/24 13:42:42.695, 115.60 W, 1780 MHz, 3802 MHz, 1780 MHz
0, 2022/03/24 13:42:52.712, 126.55 W, 1748 MHz, 3802 MHz, 1748 MHz
0, 2022/03/24 13:43:02.725, 120.32 W, 1784 MHz, 3802 MHz, 1784 MHz
0, 2022/03/24 13:43:12.743, 143.65 W, 1794 MHz, 3802 MHz, 1794 MHz
0, 2022/03/24 13:43:22.752, 133.53 W, 1795 MHz, 3802 MHz, 1795 MHz
0, 2022/03/24 13:43:32.770, 51.03 W, 1772 MHz, 3802 MHz, 1772 MHz
0, 2022/03/24 13:43:42.775, 66.25 W, 1779 MHz, 3802 MHz, 1779 MHz
0, 2022/03/24 13:43:52.783, 141.75 W, 1783 MHz, 3802 MHz, 1783 MHz
0, 2022/03/24 13:44:02.790, 129.42 W, 1702 MHz, 3802 MHz, 1702 MHz
0, 2022/03/24 13:44:12.801, 141.54 W, 1786 MHz, 3802 MHz, 1786 MHz
0, 2022/03/24 13:44:22.812, 156.03 W, 1777 MHz, 3802 MHz, 1777 MHz
0, 2022/03/24 13:44:32.820, 132.31 W, 1782 MHz, 3802 MHz, 1782 MHz
0, 2022/03/24 13:44:42.826, 134.95 W, 1762 MHz, 3802 MHz, 1762 MHz
0, 2022/03/24 13:44:52.838, 140.01 W, 1748 MHz, 3802 MHz, 1748 MHz
0, 2022/03/24 13:45:02.852, 143.62 W, 1780 MHz, 3802 MHz, 1780 MHz
0, 2022/03/24 13:45:12.862, 61.58 W, 1712 MHz, 3802 MHz, 1712 MHz
0, 2022/03/24 13:45:22.867, 131.29 W, 1768 MHz, 3802 MHz, 1768 MHz
0, 2022/03/24 13:45:32.881, 136.78 W, 1786 MHz, 3802 MHz, 1786 MHz
0, 2022/03/24 13:45:42.898, 122.93 W, 1786 MHz, 3802 MHz, 1786 MHz
0, 2022/03/24 13:45:52.902, 83.82 W, 1752 MHz, 3802 MHz, 1752 MHz
0, 2022/03/24 13:46:02.916, 152.42 W, 1791 MHz, 3802 MHz, 1791 MHz
0, 2022/03/24 13:46:12.932, 138.10 W, 1758 MHz, 3802 MHz, 1758 MHz
0, 2022/03/24 13:46:22.943, 117.03 W, 1769 MHz, 3802 MHz, 1769 MHz
0, 2022/03/24 13:46:32.952, 58.68 W, 1750 MHz, 3802 MHz, 1750 MHz
0, 2022/03/24 13:46:42.958, 133.26 W, 1761 MHz, 3802 MHz, 1761 MHz
0, 2022/03/24 13:46:52.968, 123.99 W, 1767 MHz, 3802 MHz, 1767 MHz
0, 2022/03/24 13:47:02.980, 55.20 W, 1787 MHz, 3802 MHz, 1787 MHz
0, 2022/03/24 13:47:12.993, 128.91 W, 1787 MHz, 3802 MHz, 1787 MHz
0, 2022/03/24 13:47:23.008, 144.38 W, 1774 MHz, 3802 MHz, 1774 MHz
0, 2022/03/24 13:47:33.022, 124.78 W, 1780 MHz, 3802 MHz, 1780 MHz
0, 2022/03/24 13:47:43.026, 96.15 W, 1762 MHz, 3802 MHz, 1762 MHz
0, 2022/03/24 13:47:53.036, 149.97 W, 1783 MHz, 3802 MHz, 1783 MHz
0, 2022/03/24 13:48:03.040, 146.89 W, 1768 MHz, 3802 MHz, 1768 MHz
0, 2022/03/24 13:48:13.048, 105.47 W, 1789 MHz, 3802 MHz, 1789 MHz
0, 2022/03/24 13:48:23.054, 134.48 W, 1770 MHz, 3802 MHz, 1770 MHz
0, 2022/03/24 13:48:33.071, 129.98 W, 1764 MHz, 3802 MHz, 1764 MHz
0, 2022/03/24 13:48:43.086, 121.14 W, 1785 MHz, 3802 MHz, 1785 MHz
0, 2022/03/24 13:48:53.095, 88.42 W, 1788 MHz, 3802 MHz, 1788 MHz
0, 2022/03/24 13:49:03.107, 137.47 W, 1786 MHz, 3802 MHz, 1786 MHz
0, 2022/03/24 13:49:13.116, 118.07 W, 1772 MHz, 3802 MHz, 1772 MHz
0, 2022/03/24 13:49:23.129, 132.75 W, 1739 MHz, 3802 MHz, 1739 MHz
0, 2022/03/24 13:49:33.147, 53.53 W, 1785 MHz, 3802 MHz, 1785 MHz
0, 2022/03/24 13:49:43.163, 128.87 W, 1766 MHz, 3802 MHz, 1766 MHz
0, 2022/03/24 13:49:53.169, 140.25 W, 1781 MHz, 3802 MHz, 1781 MHz
0, 2022/03/24 13:50:03.187, 127.40 W, 1793 MHz, 3802 MHz, 1793 MHz
0, 2022/03/24 13:50:13.192, 147.02 W, 1803 MHz, 3802 MHz, 1803 MHz
0, 2022/03/24 13:50:23.209, 52.84 W, 1740 MHz, 3802 MHz, 1740 MHz
0, 2022/03/24 13:50:33.228, 126.83 W, 1779 MHz, 3802 MHz, 1779 MHz
0, 2022/03/24 13:50:43.235, 135.85 W, 1770 MHz, 3802 MHz, 1770 MHz
0, 2022/03/24 13:50:53.243, 128.94 W, 1729 MHz, 3802 MHz, 1729 MHz
0, 2022/03/24 13:51:03.260, 51.66 W, 1791 MHz, 3802 MHz, 1791 MHz
0, 2022/03/24 13:51:13.276, 141.54 W, 1776 MHz, 3802 MHz, 1776 MHz
0, 2022/03/24 13:51:23.288, 53.26 W, 1760 MHz, 3802 MHz, 1760 MHz
0, 2022/03/24 13:51:33.298, 118.39 W, 1806 MHz, 3802 MHz, 1806 MHz
0, 2022/03/24 13:51:43.316, 123.81 W, 1783 MHz, 3802 MHz, 1783 MHz
0, 2022/03/24 13:51:53.330, 113.88 W, 1788 MHz, 3802 MHz, 1788 MHz
0, 2022/03/24 13:52:03.340, 144.97 W, 1785 MHz, 3802 MHz, 1785 MHz
0, 2022/03/24 13:52:13.358, 120.14 W, 1775 MHz, 3802 MHz, 1775 MHz
0, 2022/03/24 13:52:23.375, 129.55 W, 1766 MHz, 3802 MHz, 1766 MHz
0, 2022/03/24 13:52:33.393, 123.40 W, 1774 MHz, 3802 MHz, 1774 MHz
0, 2022/03/24 13:52:43.402, 57.53 W, 1800 MHz, 3802 MHz, 1800 MHz
0, 2022/03/24 13:52:53.407, 117.29 W, 1783 MHz, 3802 MHz, 1783 MHz
0, 2022/03/24 13:53:03.427, 115.45 W, 1784 MHz, 3802 MHz, 1784 MHz
0, 2022/03/24 13:53:13.440, 118.06 W, 1779 MHz, 3802 MHz, 1779 MHz
0, 2022/03/24 13:53:23.454, 89.30 W, 1798 MHz, 3802 MHz, 1798 MHz
0, 2022/03/24 13:53:33.472, 142.90 W, 1765 MHz, 3802 MHz, 1765 MHz
0, 2022/03/24 13:53:43.489, 57.11 W, 1776 MHz, 3802 MHz, 1776 MHz
0, 2022/03/24 13:53:53.501, 139.77 W, 1782 MHz, 3802 MHz, 1782 MHz
0, 2022/03/24 13:54:03.520, 87.32 W, 1794 MHz, 3802 MHz, 1794 MHz
0, 2022/03/24 13:54:13.536, 148.37 W, 1770 MHz, 3802 MHz, 1770 MHz
0, 2022/03/24 13:54:23.554, 144.16 W, 1782 MHz, 3802 MHz, 1782 MHz
0, 2022/03/24 13:54:33.563, 141.61 W, 1756 MHz, 3802 MHz, 1756 MHz
0, 2022/03/24 13:54:43.574, 57.06 W, 1770 MHz, 3802 MHz, 1770 MHz
0, 2022/03/24 13:54:53.592, 71.97 W, 1752 MHz, 3802 MHz, 1752 MHz
0, 2022/03/24 13:55:03.605, 141.37 W, 1768 MHz, 3802 MHz, 1768 MHz
0, 2022/03/24 13:55:13.623, 143.51 W, 1780 MHz, 3802 MHz, 1780 MHz
0, 2022/03/24 13:55:23.633, 147.24 W, 1743 MHz, 3802 MHz, 1743 MHz
0, 2022/03/24 13:55:33.647, 138.75 W, 1774 MHz, 3802 MHz, 1774 MHz
0, 2022/03/24 13:55:43.657, 124.62 W, 1785 MHz, 3802 MHz, 1785 MHz
0, 2022/03/24 13:55:53.678, 131.70 W, 1795 MHz, 3802 MHz, 1795 MHz
0, 2022/03/24 13:56:03.694, 55.00 W, 1765 MHz, 3802 MHz, 1765 MHz
0, 2022/03/24 13:56:13.702, 57.11 W, 1772 MHz, 3802 MHz, 1772 MHz
0, 2022/03/24 13:56:23.708, 141.93 W, 1765 MHz, 3802 MHz, 1765 MHz
0, 2022/03/24 13:56:33.724, 129.82 W, 1727 MHz, 3802 MHz, 1727 MHz
0, 2022/03/24 13:56:43.742, 151.92 W, 1755 MHz, 3802 MHz, 1755 MHz
0, 2022/03/24 13:56:53.752, 56.64 W, 1781 MHz, 3802 MHz, 1781 MHz
0, 2022/03/24 13:57:03.770, 142.19 W, 1765 MHz, 3802 MHz, 1765 MHz
0, 2022/03/24 13:57:13.788, 51.22 W, 1765 MHz, 3802 MHz, 1765 MHz
0, 2022/03/24 13:57:23.794, 136.15 W, 1771 MHz, 3802 MHz, 1771 MHz
0, 2022/03/24 13:57:33.810, 129.04 W, 1727 MHz, 3802 MHz, 1727 MHz
0, 2022/03/24 13:57:43.817, 50.58 W, 1789 MHz, 3802 MHz, 1789 MHz
0, 2022/03/24 13:57:53.825, 95.59 W, 1766 MHz, 3802 MHz, 1766 MHz
0, 2022/03/24 13:58:03.841, 127.27 W, 1790 MHz, 3802 MHz, 1790 MHz
0, 2022/03/24 13:58:13.852, 118.42 W, 1748 MHz, 3802 MHz, 1748 MHz
0, 2022/03/24 13:58:23.870, 136.13 W, 1777 MHz, 3802 MHz, 1777 MHz
0, 2022/03/24 13:58:33.886, 148.30 W, 1778 MHz, 3802 MHz, 1778 MHz
0, 2022/03/24 13:58:43.897, 140.53 W, 1784 MHz, 3802 MHz, 1784 MHz
0, 2022/03/24 13:58:53.905, 129.65 W, 1764 MHz, 3802 MHz, 1764 MHz
0, 2022/03/24 13:59:03.914, 139.26 W, 1754 MHz, 3802 MHz, 1754 MHz
0, 2022/03/24 13:59:13.928, 123.26 W, 1786 MHz, 3802 MHz, 1786 MHz
0, 2022/03/24 13:59:23.944, 158.47 W, 1780 MHz, 3802 MHz, 1780 MHz
0, 2022/03/24 13:59:33.958, 123.10 W, 1776 MHz, 3802 MHz, 1776 MHz
0, 2022/03/24 13:59:43.971, 120.97 W, 1780 MHz, 3802 MHz, 1780 MHz
0, 2022/03/24 13:59:53.977, 49.77 W, 1767 MHz, 3802 MHz, 1767 MHz
0, 2022/03/24 14:00:03.989, 144.19 W, 1748 MHz, 3802 MHz, 1748 MHz
0, 2022/03/24 14:00:14.008, 122.99 W, 1782 MHz, 3802 MHz, 1782 MHz
0, 2022/03/24 14:00:24.013, 83.14 W, 1788 MHz, 3802 MHz, 1788 MHz
0, 2022/03/24 14:00:34.025, 119.40 W, 1769 MHz, 3802 MHz, 1769 MHz
0, 2022/03/24 14:00:44.040, 132.97 W, 1787 MHz, 3802 MHz, 1787 MHz
0, 2022/03/24 14:00:54.055, 127.92 W, 1771 MHz, 3802 MHz, 1771 MHz
0, 2022/03/24 14:01:04.067, 148.54 W, 1745 MHz, 3802 MHz, 1745 MHz
0, 2022/03/24 14:01:14.085, 129.57 W, 1795 MHz, 3802 MHz, 1795 MHz
0, 2022/03/24 14:01:24.090, 53.03 W, 1777 MHz, 3802 MHz, 1777 MHz
0, 2022/03/24 14:01:34.108, 135.88 W, 1761 MHz, 3802 MHz, 1761 MHz
0, 2022/03/24 14:01:44.119, 133.43 W, 1781 MHz, 3802 MHz, 1781 MHz
0, 2022/03/24 14:01:54.126, 98.04 W, 1733 MHz, 3802 MHz, 1733 MHz
0, 2022/03/24 14:02:04.140, 117.73 W, 1774 MHz, 3802 MHz, 1774 MHz
0, 2022/03/24 14:02:14.149, 109.13 W, 1767 MHz, 3802 MHz, 1767 MHz
0, 2022/03/24 14:02:24.165, 131.33 W, 1724 MHz, 3802 MHz, 1724 MHz
0, 2022/03/24 14:02:34.182, 108.38 W, 1747 MHz, 3802 MHz, 1747 MHz
0, 2022/03/24 14:02:44.191, 125.93 W, 1790 MHz, 3802 MHz, 1790 MHz
0, 2022/03/24 14:02:54.221, 106.39 W, 1758 MHz, 3802 MHz, 1758 MHz
0, 2022/03/24 14:03:04.235, 135.17 W, 1772 MHz, 3802 MHz, 1772 MHz
0, 2022/03/24 14:03:14.249, 53.29 W, 1781 MHz, 3802 MHz, 1781 MHz
0, 2022/03/24 14:03:24.253, 69.47 W, 1777 MHz, 3802 MHz, 1777 MHz
0, 2022/03/24 14:03:34.259, 135.54 W, 1782 MHz, 3802 MHz, 1782 MHz
0, 2022/03/24 14:03:44.275, 73.18 W, 1782 MHz, 3802 MHz, 1782 MHz
0, 2022/03/24 14:03:54.283, 142.47 W, 1767 MHz, 3802 MHz, 1767 MHz
0, 2022/03/24 14:04:04.297, 136.09 W, 1758 MHz, 3802 MHz, 1758 MHz
0, 2022/03/24 14:04:14.304, 126.59 W, 1763 MHz, 3802 MHz, 1763 MHz
0, 2022/03/24 14:04:24.321, 135.01 W, 1773 MHz, 3802 MHz, 1773 MHz
0, 2022/03/24 14:04:34.334, 138.73 W, 1773 MHz, 3802 MHz, 1773 MHz
0, 2022/03/24 14:04:44.343, 142.68 W, 1765 MHz, 3802 MHz, 1765 MHz
0, 2022/03/24 14:04:54.352, 118.72 W, 1737 MHz, 3802 MHz, 1737 MHz
0, 2022/03/24 14:05:04.359, 129.25 W, 1770 MHz, 3802 MHz, 1770 MHz
0, 2022/03/24 14:05:14.372, 132.48 W, 1783 MHz, 3802 MHz, 1783 MHz
0, 2022/03/24 14:05:24.377, 62.02 W, 1770 MHz, 3802 MHz, 1770 MHz
0, 2022/03/24 14:05:34.388, 57.38 W, 1787 MHz, 3802 MHz, 1787 MHz
0, 2022/03/24 14:05:44.396, 145.76 W, 1782 MHz, 3802 MHz, 1782 MHz
0, 2022/03/24 14:05:54.415, 134.90 W, 1776 MHz, 3802 MHz, 1776 MHz
0, 2022/03/24 14:06:04.425, 128.31 W, 1754 MHz, 3802 MHz, 1754 MHz
0, 2022/03/24 14:06:14.443, 119.93 W, 1780 MHz, 3802 MHz, 1780 MHz
0, 2022/03/24 14:06:24.449, 98.61 W, 1760 MHz, 3802 MHz, 1760 MHz
0, 2022/03/24 14:06:34.467, 143.23 W, 1777 MHz, 3802 MHz, 1777 MHz
0, 2022/03/24 14:06:44.476, 145.91 W, 1768 MHz, 3802 MHz, 1768 MHz
0, 2022/03/24 14:06:54.494, 137.58 W, 1768 MHz, 3802 MHz, 1768 MHz
0, 2022/03/24 14:07:04.501, 130.89 W, 1760 MHz, 3802 MHz, 1760 MHz
0, 2022/03/24 14:07:14.504, 115.97 W, 1770 MHz, 3802 MHz, 1770 MHz
0, 2022/03/24 14:07:24.511, 121.38 W, 1782 MHz, 3802 MHz, 1782 MHz
0, 2022/03/24 14:07:34.515, 56.12 W, 1757 MHz, 3802 MHz, 1757 MHz
0, 2022/03/24 14:07:44.524, 135.04 W, 1776 MHz, 3802 MHz, 1776 MHz
0, 2022/03/24 14:07:54.544, 129.54 W, 1780 MHz, 3802 MHz, 1780 MHz
0, 2022/03/24 14:08:04.558, 140.29 W, 1768 MHz, 3802 MHz, 1768 MHz
0, 2022/03/24 14:08:14.571, 56.65 W, 1783 MHz, 3802 MHz, 1783 MHz
0, 2022/03/24 14:08:24.582, 52.71 W, 1753 MHz, 3802 MHz, 1753 MHz
0, 2022/03/24 14:08:34.595, 130.74 W, 1756 MHz, 3802 MHz, 1756 MHz
0, 2022/03/24 14:08:44.604, 118.99 W, 1744 MHz, 3802 MHz, 1744 MHz
0, 2022/03/24 14:08:54.619, 152.49 W, 1754 MHz, 3802 MHz, 1754 MHz
0, 2022/03/24 14:09:04.627, 148.59 W, 1767 MHz, 3802 MHz, 1767 MHz
0, 2022/03/24 14:09:14.646, 140.60 W, 1784 MHz, 3802 MHz, 1784 MHz
0, 2022/03/24 14:09:24.655, 138.14 W, 1725 MHz, 3802 MHz, 1725 MHz
0, 2022/03/24 14:09:34.672, 141.69 W, 1767 MHz, 3802 MHz, 1767 MHz
0, 2022/03/24 14:09:44.683, 141.18 W, 1767 MHz, 3802 MHz, 1767 MHz
0, 2022/03/24 14:09:54.695, 103.83 W, 1761 MHz, 3802 MHz, 1761 MHz
0, 2022/03/24 14:10:04.703, 132.43 W, 1786 MHz, 3802 MHz, 1786 MHz
0, 2022/03/24 14:10:14.721, 136.63 W, 1762 MHz, 3802 MHz, 1762 MHz
0, 2022/03/24 14:10:24.737, 143.05 W, 1761 MHz, 3802 MHz, 1761 MHz
0, 2022/03/24 14:10:34.750, 118.78 W, 1785 MHz, 3802 MHz, 1785 MHz
0, 2022/03/24 14:10:44.766, 131.46 W, 1777 MHz, 3802 MHz, 1777 MHz
0, 2022/03/24 14:10:54.778, 141.49 W, 1754 MHz, 3802 MHz, 1754 MHz
0, 2022/03/24 14:11:04.786, 146.47 W, 1766 MHz, 3802 MHz, 1766 MHz
0, 2022/03/24 14:11:14.793, 138.76 W, 1764 MHz, 3802 MHz, 1764 MHz
0, 2022/03/24 14:11:24.807, 51.26 W, 1770 MHz, 3802 MHz, 1770 MHz
0, 2022/03/24 14:11:34.817, 70.46 W, 1778 MHz, 3802 MHz, 1778 MHz
0, 2022/03/24 14:11:44.832, 135.11 W, 1781 MHz, 3802 MHz, 1781 MHz
0, 2022/03/24 14:11:54.846, 122.40 W, 1766 MHz, 3802 MHz, 1766 MHz
0, 2022/03/24 14:12:04.858, 145.95 W, 1752 MHz, 3802 MHz, 1752 MHz
0, 2022/03/24 14:12:14.866, 116.64 W, 1768 MHz, 3802 MHz, 1768 MHz
0, 2022/03/24 14:12:24.873, 116.91 W, 1769 MHz, 3802 MHz, 1769 MHz
0, 2022/03/24 14:12:34.889, 68.81 W, 1778 MHz, 3802 MHz, 1778 MHz
0, 2022/03/24 14:12:44.904, 151.69 W, 1772 MHz, 3802 MHz, 1772 MHz
0, 2022/03/24 14:12:54.915, 126.08 W, 1770 MHz, 3802 MHz, 1770 MHz
0, 2022/03/24 14:13:04.931, 138.94 W, 1735 MHz, 3802 MHz, 1735 MHz
0, 2022/03/24 14:13:14.948, 156.35 W, 1793 MHz, 3802 MHz, 1793 MHz
0, 2022/03/24 14:13:24.961, 129.02 W, 1780 MHz, 3802 MHz, 1780 MHz
0, 2022/03/24 14:13:34.978, 137.62 W, 1780 MHz, 3802 MHz, 1780 MHz
0, 2022/03/24 14:13:44.991, 143.26 W, 1782 MHz, 3802 MHz, 1782 MHz
0, 2022/03/24 14:13:55.010, 127.35 W, 1743 MHz, 3802 MHz, 1743 MHz
0, 2022/03/24 14:14:05.019, 55.80 W, 1786 MHz, 3802 MHz, 1786 MHz
0, 2022/03/24 14:14:15.024, 53.47 W, 1800 MHz, 3802 MHz, 1800 MHz
0, 2022/03/24 14:14:25.042, 97.78 W, 1774 MHz, 3802 MHz, 1774 MHz
0, 2022/03/24 14:14:35.055, 132.82 W, 1768 MHz, 3802 MHz, 1768 MHz
0, 2022/03/24 14:14:45.064, 61.23 W, 1788 MHz, 3802 MHz, 1788 MHz
0, 2022/03/24 14:14:55.080, 144.47 W, 1788 MHz, 3802 MHz, 1788 MHz
0, 2022/03/24 14:15:05.086, 122.99 W, 1777 MHz, 3802 MHz, 1777 MHz
0, 2022/03/24 14:15:15.092, 108.25 W, 1745 MHz, 3802 MHz, 1745 MHz
0, 2022/03/24 14:15:25.098, 145.37 W, 1782 MHz, 3802 MHz, 1782 MHz
0, 2022/03/24 14:15:35.108, 141.43 W, 1776 MHz, 3802 MHz, 1776 MHz
0, 2022/03/24 14:15:45.127, 130.21 W, 1759 MHz, 3802 MHz, 1759 MHz
0, 2022/03/24 14:15:55.139, 160.50 W, 1789 MHz, 3802 MHz, 1789 MHz
0, 2022/03/24 14:16:05.146, 132.70 W, 1750 MHz, 3802 MHz, 1750 MHz
0, 2022/03/24 14:16:15.161, 132.77 W, 1766 MHz, 3802 MHz, 1766 MHz
0, 2022/03/24 14:16:25.176, 59.55 W, 1744 MHz, 3802 MHz, 1744 MHz
0, 2022/03/24 14:16:35.192, 148.38 W, 1691 MHz, 3802 MHz, 1691 MHz
0, 2022/03/24 14:16:45.205, 128.45 W, 1751 MHz, 3802 MHz, 1751 MHz
0, 2022/03/24 14:16:55.223, 67.23 W, 1772 MHz, 3802 MHz, 1772 MHz
0, 2022/03/24 14:17:05.239, 102.38 W, 1770 MHz, 3802 MHz, 1770 MHz
0, 2022/03/24 14:17:15.258, 145.34 W, 1789 MHz, 3802 MHz, 1789 MHz
0, 2022/03/24 14:17:25.269, 122.71 W, 1764 MHz, 3802 MHz, 1764 MHz
0, 2022/03/24 14:17:35.281, 136.37 W, 1791 MHz, 3802 MHz, 1791 MHz
0, 2022/03/24 14:17:45.289, 137.39 W, 1775 MHz, 3802 MHz, 1775 MHz
0, 2022/03/24 14:17:55.297, 145.99 W, 1725 MHz, 3802 MHz, 1725 MHz
0, 2022/03/24 14:18:05.309, 132.84 W, 1781 MHz, 3802 MHz, 1781 MHz
0, 2022/03/24 14:18:15.315, 125.80 W, 1764 MHz, 3802 MHz, 1764 MHz
0, 2022/03/24 14:18:25.331, 145.41 W, 1754 MHz, 3802 MHz, 1754 MHz
0, 2022/03/24 14:18:35.350, 125.76 W, 1709 MHz, 3802 MHz, 1709 MHz
0, 2022/03/24 14:18:45.357, 100.19 W, 1768 MHz, 3802 MHz, 1768 MHz
0, 2022/03/24 14:18:55.363, 122.81 W, 1784 MHz, 3802 MHz, 1784 MHz
0, 2022/03/24 14:19:05.378, 136.51 W, 1789 MHz, 3802 MHz, 1789 MHz
0, 2022/03/24 14:19:15.385, 127.44 W, 1778 MHz, 3802 MHz, 1778 MHz
0, 2022/03/24 14:19:25.400, 117.81 W, 1755 MHz, 3802 MHz, 1755 MHz
0, 2022/03/24 14:19:35.407, 126.56 W, 1789 MHz, 3802 MHz, 1789 MHz
0, 2022/03/24 14:19:45.422, 109.37 W, 1771 MHz, 3802 MHz, 1771 MHz
0, 2022/03/24 14:19:55.436, 112.41 W, 1759 MHz, 3802 MHz, 1759 MHz
0, 2022/03/24 14:20:05.447, 131.67 W, 1781 MHz, 3802 MHz, 1781 MHz
0, 2022/03/24 14:20:15.454, 142.99 W, 1756 MHz, 3802 MHz, 1756 MHz
0, 2022/03/24 14:20:25.459, 135.13 W, 1744 MHz, 3802 MHz, 1744 MHz
0, 2022/03/24 14:20:35.476, 128.88 W, 1757 MHz, 3802 MHz, 1757 MHz
0, 2022/03/24 14:20:45.482, 122.69 W, 1776 MHz, 3802 MHz, 1776 MHz
0, 2022/03/24 14:20:55.496, 129.29 W, 1785 MHz, 3802 MHz, 1785 MHz
0, 2022/03/24 14:21:05.517, 146.02 W, 1764 MHz, 3802 MHz, 1764 MHz
0, 2022/03/24 14:21:15.533, 121.94 W, 1766 MHz, 3802 MHz, 1766 MHz
0, 2022/03/24 14:21:25.555, 138.50 W, 1757 MHz, 3802 MHz, 1757 MHz
0, 2022/03/24 14:21:35.568, 130.88 W, 1746 MHz, 3802 MHz, 1746 MHz
0, 2022/03/24 14:21:45.587, 118.64 W, 1767 MHz, 3802 MHz, 1767 MHz
0, 2022/03/24 14:21:55.605, 55.63 W, 1763 MHz, 3802 MHz, 1763 MHz
0, 2022/03/24 14:22:05.609, 146.25 W, 1780 MHz, 3802 MHz, 1780 MHz
0, 2022/03/24 14:22:15.618, 125.19 W, 1787 MHz, 3802 MHz, 1787 MHz
0, 2022/03/24 14:22:25.634, 126.99 W, 1772 MHz, 3802 MHz, 1772 MHz
0, 2022/03/24 14:22:35.647, 114.89 W, 1786 MHz, 3802 MHz, 1786 MHz
0, 2022/03/24 14:22:45.667, 130.15 W, 1768 MHz, 3802 MHz, 1768 MHz
0, 2022/03/24 14:22:55.678, 142.04 W, 1760 MHz, 3802 MHz, 1760 MHz
0, 2022/03/24 14:23:05.698, 83.68 W, 1766 MHz, 3802 MHz, 1766 MHz
0, 2022/03/24 14:23:15.709, 137.16 W, 1763 MHz, 3802 MHz, 1763 MHz
0, 2022/03/24 14:23:25.723, 139.16 W, 1773 MHz, 3802 MHz, 1773 MHz
0, 2022/03/24 14:23:35.742, 121.18 W, 1784 MHz, 3802 MHz, 1784 MHz
0, 2022/03/24 14:23:45.760, 127.90 W, 1782 MHz, 3802 MHz, 1782 MHz
0, 2022/03/24 14:23:55.770, 122.80 W, 1766 MHz, 3802 MHz, 1766 MHz
0, 2022/03/24 14:24:05.788, 142.50 W, 1786 MHz, 3802 MHz, 1786 MHz
0, 2022/03/24 14:24:15.802, 141.75 W, 1774 MHz, 3802 MHz, 1774 MHz
0, 2022/03/24 14:24:25.817, 136.69 W, 1772 MHz, 3802 MHz, 1772 MHz
0, 2022/03/24 14:24:35.831, 144.74 W, 1759 MHz, 3802 MHz, 1759 MHz
0, 2022/03/24 14:24:45.835, 129.48 W, 1747 MHz, 3802 MHz, 1747 MHz
0, 2022/03/24 14:24:55.840, 134.52 W, 1772 MHz, 3802 MHz, 1772 MHz
0, 2022/03/24 14:25:05.858, 113.32 W, 1767 MHz, 3802 MHz, 1767 MHz
0, 2022/03/24 14:25:15.869, 55.47 W, 1759 MHz, 3802 MHz, 1759 MHz
0, 2022/03/24 14:25:25.887, 134.45 W, 1739 MHz, 3802 MHz, 1739 MHz
0, 2022/03/24 14:25:35.904, 52.50 W, 1784 MHz, 3802 MHz, 1784 MHz
0, 2022/03/24 14:25:45.915, 57.54 W, 1777 MHz, 3802 MHz, 1777 MHz
0, 2022/03/24 14:25:55.932, 135.52 W, 1771 MHz, 3802 MHz, 1771 MHz
0, 2022/03/24 14:26:05.946, 53.89 W, 1813 MHz, 3802 MHz, 1813 MHz
0, 2022/03/24 14:26:15.960, 56.08 W, 1795 MHz, 3802 MHz, 1795 MHz
0, 2022/03/24 14:26:25.968, 116.38 W, 1804 MHz, 3802 MHz, 1804 MHz
0, 2022/03/24 14:26:35.974, 66.72 W, 1791 MHz, 3802 MHz, 1791 MHz
0, 2022/03/24 14:26:45.992, 54.10 W, 1778 MHz, 3802 MHz, 1778 MHz
0, 2022/03/24 14:26:56.005, 123.90 W, 1813 MHz, 3802 MHz, 1813 MHz
0, 2022/03/24 14:27:06.019, 138.73 W, 1794 MHz, 3802 MHz, 1794 MHz
0, 2022/03/24 14:27:16.023, 124.09 W, 1784 MHz, 3802 MHz, 1784 MHz
0, 2022/03/24 14:27:26.038, 127.77 W, 1780 MHz, 3802 MHz, 1780 MHz
0, 2022/03/24 14:27:36.056, 126.96 W, 1799 MHz, 3802 MHz, 1799 MHz
0, 2022/03/24 14:27:46.070, 54.76 W, 1799 MHz, 3802 MHz, 1799 MHz
0, 2022/03/24 14:27:56.086, 52.71 W, 1803 MHz, 3802 MHz, 1803 MHz
0, 2022/03/24 14:28:06.092, 145.32 W, 1797 MHz, 3802 MHz, 1797 MHz
0, 2022/03/24 14:28:16.098, 139.44 W, 1790 MHz, 3802 MHz, 1790 MHz
0, 2022/03/24 14:28:26.103, 140.07 W, 1767 MHz, 3802 MHz, 1767 MHz
0, 2022/03/24 14:28:36.112, 54.85 W, 1800 MHz, 3802 MHz, 1800 MHz
0, 2022/03/24 14:28:46.131, 147.50 W, 1810 MHz, 3802 MHz, 1810 MHz
0, 2022/03/24 14:28:56.147, 130.47 W, 1805 MHz, 3802 MHz, 1805 MHz
0, 2022/03/24 14:29:06.161, 122.67 W, 1793 MHz, 3802 MHz, 1793 MHz
0, 2022/03/24 14:29:16.178, 143.35 W, 1767 MHz, 3802 MHz, 1767 MHz
0, 2022/03/24 14:29:26.193, 110.59 W, 1799 MHz, 3802 MHz, 1799 MHz
0, 2022/03/24 14:29:36.209, 123.99 W, 1801 MHz, 3802 MHz, 1801 MHz
0, 2022/03/24 14:29:46.227, 56.73 W, 1771 MHz, 3802 MHz, 1771 MHz
0, 2022/03/24 14:29:56.247, 131.20 W, 1781 MHz, 3802 MHz, 1781 MHz
0, 2022/03/24 14:30:06.251, 137.82 W, 1791 MHz, 3802 MHz, 1791 MHz
0, 2022/03/24 14:30:16.267, 134.02 W, 1779 MHz, 3802 MHz, 1779 MHz
0, 2022/03/24 14:30:26.289, 140.07 W, 1792 MHz, 3802 MHz, 1792 MHz
0, 2022/03/24 14:30:36.295, 115.50 W, 1766 MHz, 3802 MHz, 1766 MHz
0, 2022/03/24 14:30:46.309, 57.38 W, 1806 MHz, 3802 MHz, 1806 MHz
0, 2022/03/24 14:30:56.320, 140.84 W, 1788 MHz, 3802 MHz, 1788 MHz
0, 2022/03/24 14:31:06.327, 137.66 W, 1778 MHz, 3802 MHz, 1778 MHz
0, 2022/03/24 14:31:16.340, 81.81 W, 1704 MHz, 3802 MHz, 1704 MHz
0, 2022/03/24 14:31:26.354, 49.65 W, 1788 MHz, 3802 MHz, 1788 MHz
0, 2022/03/24 14:31:36.366, 153.15 W, 1774 MHz, 3802 MHz, 1774 MHz
0, 2022/03/24 14:31:46.383, 124.38 W, 1778 MHz, 3802 MHz, 1778 MHz
0, 2022/03/24 14:31:56.392, 53.49 W, 1813 MHz, 3802 MHz, 1813 MHz
0, 2022/03/24 14:32:06.411, 124.95 W, 1811 MHz, 3802 MHz, 1811 MHz
0, 2022/03/24 14:32:16.427, 65.49 W, 1796 MHz, 3802 MHz, 1796 MHz
0, 2022/03/24 14:32:26.445, 129.63 W, 1799 MHz, 3802 MHz, 1799 MHz
0, 2022/03/24 14:32:36.453, 119.75 W, 1794 MHz, 3802 MHz, 1794 MHz
0, 2022/03/24 14:32:46.468, 158.42 W, 1798 MHz, 3802 MHz, 1798 MHz
0, 2022/03/24 14:32:56.478, 133.68 W, 1801 MHz, 3802 MHz, 1801 MHz
0, 2022/03/24 14:33:06.492, 141.86 W, 1794 MHz, 3802 MHz, 1794 MHz
0, 2022/03/24 14:33:16.501, 121.70 W, 1807 MHz, 3802 MHz, 1807 MHz
0, 2022/03/24 14:33:26.514, 121.50 W, 1796 MHz, 3802 MHz, 1796 MHz
0, 2022/03/24 14:33:36.537, 94.19 W, 1794 MHz, 3802 MHz, 1794 MHz
0, 2022/03/24 14:33:46.556, 54.55 W, 1809 MHz, 3802 MHz, 1809 MHz
0, 2022/03/24 14:33:56.572, 127.04 W, 1809 MHz, 3802 MHz, 1809 MHz
0, 2022/03/24 14:34:06.582, 122.83 W, 1795 MHz, 3802 MHz, 1795 MHz
0, 2022/03/24 14:34:16.603, 123.95 W, 1780 MHz, 3802 MHz, 1780 MHz
0, 2022/03/24 14:34:26.619, 134.51 W, 1802 MHz, 3802 MHz, 1802 MHz
0, 2022/03/24 14:34:36.635, 55.34 W, 1789 MHz, 3802 MHz, 1789 MHz
0, 2022/03/24 14:34:46.652, 118.01 W, 1790 MHz, 3802 MHz, 1790 MHz
0, 2022/03/24 14:34:56.670, 136.11 W, 1795 MHz, 3802 MHz, 1795 MHz
0, 2022/03/24 14:35:06.683, 148.80 W, 1799 MHz, 3802 MHz, 1799 MHz
0, 2022/03/24 14:35:16.697, 126.72 W, 1812 MHz, 3802 MHz, 1812 MHz
0, 2022/03/24 14:35:26.711, 128.45 W, 1815 MHz, 3802 MHz, 1815 MHz
0, 2022/03/24 14:35:36.725, 126.39 W, 1806 MHz, 3802 MHz, 1806 MHz
0, 2022/03/24 14:35:46.741, 132.28 W, 1800 MHz, 3802 MHz, 1800 MHz
0, 2022/03/24 14:35:56.761, 143.99 W, 1793 MHz, 3802 MHz, 1793 MHz
0, 2022/03/24 14:36:06.772, 124.79 W, 1792 MHz, 3802 MHz, 1792 MHz
0, 2022/03/24 14:36:16.779, 118.36 W, 1783 MHz, 3802 MHz, 1783 MHz
0, 2022/03/24 14:36:26.798, 131.19 W, 1798 MHz, 3802 MHz, 1798 MHz
0, 2022/03/24 14:36:36.808, 131.95 W, 1764 MHz, 3802 MHz, 1764 MHz
0, 2022/03/24 14:36:46.823, 123.33 W, 1790 MHz, 3802 MHz, 1790 MHz
0, 2022/03/24 14:36:56.836, 130.81 W, 1789 MHz, 3802 MHz, 1789 MHz
0, 2022/03/24 14:37:06.855, 135.83 W, 1781 MHz, 3802 MHz, 1781 MHz
0, 2022/03/24 14:37:16.876, 142.32 W, 1810 MHz, 3802 MHz, 1810 MHz
0, 2022/03/24 14:37:26.888, 57.25 W, 1791 MHz, 3802 MHz, 1791 MHz
0, 2022/03/24 14:37:36.892, 58.47 W, 1799 MHz, 3802 MHz, 1799 MHz
0, 2022/03/24 14:37:46.900, 129.82 W, 1812 MHz, 3802 MHz, 1812 MHz
0, 2022/03/24 14:37:56.911, 52.32 W, 1783 MHz, 3802 MHz, 1783 MHz
0, 2022/03/24 14:38:06.927, 65.07 W, 1781 MHz, 3802 MHz, 1781 MHz
0, 2022/03/24 14:38:16.933, 54.85 W, 1808 MHz, 3802 MHz, 1808 MHz
0, 2022/03/24 14:38:26.937, 136.33 W, 1783 MHz, 3802 MHz, 1783 MHz
0, 2022/03/24 14:38:36.955, 138.86 W, 1788 MHz, 3802 MHz, 1788 MHz
0, 2022/03/24 14:38:46.972, 124.34 W, 1786 MHz, 3802 MHz, 1786 MHz
0, 2022/03/24 14:38:56.984, 143.79 W, 1791 MHz, 3802 MHz, 1791 MHz
0, 2022/03/24 14:39:06.990, 142.22 W, 1798 MHz, 3802 MHz, 1798 MHz
0, 2022/03/24 14:39:17.004, 128.31 W, 1796 MHz, 3802 MHz, 1796 MHz
0, 2022/03/24 14:39:27.016, 105.13 W, 1782 MHz, 3802 MHz, 1782 MHz
0, 2022/03/24 14:39:37.023, 125.65 W, 1798 MHz, 3802 MHz, 1798 MHz
0, 2022/03/24 14:39:47.031, 51.90 W, 1796 MHz, 3802 MHz, 1796 MHz
0, 2022/03/24 14:39:57.047, 54.56 W, 1794 MHz, 3802 MHz, 1794 MHz
0, 2022/03/24 14:40:07.055, 126.32 W, 1779 MHz, 3802 MHz, 1779 MHz
0, 2022/03/24 14:40:17.073, 141.52 W, 1778 MHz, 3802 MHz, 1778 MHz
0, 2022/03/24 14:40:27.078, 58.96 W, 1786 MHz, 3802 MHz, 1786 MHz
0, 2022/03/24 14:40:37.083, 125.40 W, 1798 MHz, 3802 MHz, 1798 MHz
0, 2022/03/24 14:40:47.107, 139.24 W, 1774 MHz, 3802 MHz, 1774 MHz
0, 2022/03/24 14:40:57.118, 131.42 W, 1789 MHz, 3802 MHz, 1789 MHz
0, 2022/03/24 14:41:07.133, 121.65 W, 1758 MHz, 3802 MHz, 1758 MHz
0, 2022/03/24 14:41:17.138, 64.51 W, 1802 MHz, 3802 MHz, 1802 MHz
0, 2022/03/24 14:41:27.148, 54.04 W, 1792 MHz, 3802 MHz, 1792 MHz
0, 2022/03/24 14:41:37.168, 56.99 W, 1791 MHz, 3802 MHz, 1791 MHz
0, 2022/03/24 14:41:47.173, 123.72 W, 1773 MHz, 3802 MHz, 1773 MHz
0, 2022/03/24 14:41:57.184, 126.35 W, 1789 MHz, 3802 MHz, 1789 MHz
0, 2022/03/24 14:42:07.196, 148.00 W, 1772 MHz, 3802 MHz, 1772 MHz
0, 2022/03/24 14:42:17.204, 118.71 W, 1803 MHz, 3802 MHz, 1803 MHz
0, 2022/03/24 14:42:27.214, 139.51 W, 1791 MHz, 3802 MHz, 1791 MHz
0, 2022/03/24 14:42:37.223, 140.37 W, 1797 MHz, 3802 MHz, 1797 MHz
0, 2022/03/24 14:42:47.231, 139.71 W, 1785 MHz, 3802 MHz, 1785 MHz
0, 2022/03/24 14:42:57.243, 130.83 W, 1804 MHz, 3802 MHz, 1804 MHz
0, 2022/03/24 14:43:07.252, 145.31 W, 1798 MHz, 3802 MHz, 1798 MHz
0, 2022/03/24 14:43:17.287, 52.02 W, 1795 MHz, 3802 MHz, 1795 MHz
0, 2022/03/24 14:43:27.295, 142.06 W, 1783 MHz, 3802 MHz, 1783 MHz
0, 2022/03/24 14:43:37.302, 131.92 W, 1799 MHz, 3802 MHz, 1799 MHz
0, 2022/03/24 14:43:47.307, 118.15 W, 1791 MHz, 3802 MHz, 1791 MHz
0, 2022/03/24 14:43:57.318, 125.59 W, 1784 MHz, 3802 MHz, 1784 MHz
0, 2022/03/24 14:44:07.326, 138.96 W, 1805 MHz, 3802 MHz, 1805 MHz
0, 2022/03/24 14:44:17.334, 119.88 W, 1806 MHz, 3802 MHz, 1806 MHz
0, 2022/03/24 14:44:27.355, 52.84 W, 1752 MHz, 3802 MHz, 1752 MHz
0, 2022/03/24 14:44:37.362, 101.90 W, 1794 MHz, 3802 MHz, 1794 MHz
0, 2022/03/24 14:44:47.377, 54.96 W, 1773 MHz, 3802 MHz, 1773 MHz
0, 2022/03/24 14:44:57.383, 137.68 W, 1774 MHz, 3802 MHz, 1774 MHz
0, 2022/03/24 14:45:07.390, 51.68 W, 1743 MHz, 3802 MHz, 1743 MHz
0, 2022/03/24 14:45:17.402, 131.85 W, 1780 MHz, 3802 MHz, 1780 MHz
0, 2022/03/24 14:45:27.411, 134.46 W, 1800 MHz, 3802 MHz, 1800 MHz
0, 2022/03/24 14:45:37.428, 124.39 W, 1790 MHz, 3802 MHz, 1790 MHz
0, 2022/03/24 14:45:47.439, 119.11 W, 1793 MHz, 3802 MHz, 1793 MHz
0, 2022/03/24 14:45:57.454, 126.72 W, 1769 MHz, 3802 MHz, 1769 MHz
0, 2022/03/24 14:46:07.462, 113.15 W, 1767 MHz, 3802 MHz, 1767 MHz
0, 2022/03/24 14:46:17.482, 56.15 W, 1779 MHz, 3802 MHz, 1779 MHz
0, 2022/03/24 14:46:27.500, 147.84 W, 1783 MHz, 3802 MHz, 1783 MHz
0, 2022/03/24 14:46:37.519, 52.85 W, 1793 MHz, 3802 MHz, 1793 MHz
0, 2022/03/24 14:46:47.525, 135.35 W, 1789 MHz, 3802 MHz, 1789 MHz
0, 2022/03/24 14:46:57.536, 131.87 W, 1778 MHz, 3802 MHz, 1778 MHz
0, 2022/03/24 14:47:07.554, 52.17 W, 1786 MHz, 3802 MHz, 1786 MHz
0, 2022/03/24 14:47:17.565, 142.51 W, 1778 MHz, 3802 MHz, 1778 MHz
0, 2022/03/24 14:47:27.572, 137.91 W, 1786 MHz, 3802 MHz, 1786 MHz
0, 2022/03/24 14:47:37.582, 126.21 W, 1788 MHz, 3802 MHz, 1788 MHz
0, 2022/03/24 14:47:47.597, 133.58 W, 1798 MHz, 3802 MHz, 1798 MHz
0, 2022/03/24 14:47:57.600, 105.23 W, 1789 MHz, 3802 MHz, 1789 MHz
0, 2022/03/24 14:48:07.617, 142.40 W, 1783 MHz, 3802 MHz, 1783 MHz
0, 2022/03/24 14:48:17.630, 57.55 W, 1767 MHz, 3802 MHz, 1767 MHz
0, 2022/03/24 14:48:27.647, 59.19 W, 1767 MHz, 3802 MHz, 1767 MHz
0, 2022/03/24 14:48:37.685, 129.16 W, 1772 MHz, 3802 MHz, 1772 MHz
0, 2022/03/24 14:48:47.694, 117.20 W, 1803 MHz, 3802 MHz, 1803 MHz
0, 2022/03/24 14:48:57.709, 127.54 W, 1798 MHz, 3802 MHz, 1798 MHz
0, 2022/03/24 14:49:07.719, 152.38 W, 1789 MHz, 3802 MHz, 1789 MHz
0, 2022/03/24 14:49:17.731, 121.88 W, 1799 MHz, 3802 MHz, 1799 MHz
0, 2022/03/24 14:49:27.749, 136.98 W, 1782 MHz, 3802 MHz, 1782 MHz
0, 2022/03/24 14:49:37.767, 122.86 W, 1788 MHz, 3802 MHz, 1788 MHz
0, 2022/03/24 14:49:47.784, 51.38 W, 1783 MHz, 3802 MHz, 1783 MHz
0, 2022/03/24 14:49:57.788, 57.87 W, 1799 MHz, 3802 MHz, 1799 MHz
0, 2022/03/24 14:50:07.807, 54.40 W, 1804 MHz, 3802 MHz, 1804 MHz
0, 2022/03/24 14:50:17.819, 137.72 W, 1797 MHz, 3802 MHz, 1797 MHz
0, 2022/03/24 14:50:27.837, 122.59 W, 1803 MHz, 3802 MHz, 1803 MHz
0, 2022/03/24 14:50:37.859, 121.17 W, 1792 MHz, 3802 MHz, 1792 MHz
0, 2022/03/24 14:50:47.865, 128.68 W, 1764 MHz, 3802 MHz, 1764 MHz
0, 2022/03/24 14:50:57.871, 127.45 W, 1678 MHz, 3802 MHz, 1678 MHz
0, 2022/03/24 14:51:07.880, 88.61 W, 1798 MHz, 3802 MHz, 1798 MHz
0, 2022/03/24 14:51:17.892, 141.17 W, 1792 MHz, 3802 MHz, 1792 MHz
0, 2022/03/24 14:51:27.910, 129.10 W, 1796 MHz, 3802 MHz, 1796 MHz
0, 2022/03/24 14:51:37.919, 117.26 W, 1791 MHz, 3802 MHz, 1791 MHz
0, 2022/03/24 14:51:47.927, 116.44 W, 1779 MHz, 3802 MHz, 1779 MHz
0, 2022/03/24 14:51:57.945, 126.63 W, 1788 MHz, 3802 MHz, 1788 MHz
0, 2022/03/24 14:52:07.951, 52.43 W, 1796 MHz, 3802 MHz, 1796 MHz
0, 2022/03/24 14:52:17.966, 126.75 W, 1796 MHz, 3802 MHz, 1796 MHz
0, 2022/03/24 14:52:27.976, 133.75 W, 1805 MHz, 3802 MHz, 1805 MHz
0, 2022/03/24 14:52:37.995, 124.70 W, 1796 MHz, 3802 MHz, 1796 MHz
0, 2022/03/24 14:52:48.006, 55.56 W, 1800 MHz, 3802 MHz, 1800 MHz
0, 2022/03/24 14:52:58.009, 150.77 W, 1785 MHz, 3802 MHz, 1785 MHz
0, 2022/03/24 14:53:08.028, 76.52 W, 1794 MHz, 3802 MHz, 1794 MHz
0, 2022/03/24 14:53:18.036, 131.72 W, 1765 MHz, 3802 MHz, 1765 MHz
0, 2022/03/24 14:53:28.055, 121.20 W, 1790 MHz, 3802 MHz, 1790 MHz
0, 2022/03/24 14:53:38.071, 89.43 W, 1800 MHz, 3802 MHz, 1800 MHz
0, 2022/03/24 14:53:48.086, 51.54 W, 1800 MHz, 3802 MHz, 1800 MHz
0, 2022/03/24 14:53:58.104, 134.45 W, 1799 MHz, 3802 MHz, 1799 MHz
0, 2022/03/24 14:54:08.114, 49.54 W, 1778 MHz, 3802 MHz, 1778 MHz
0, 2022/03/24 14:54:18.127, 128.80 W, 1806 MHz, 3802 MHz, 1806 MHz
0, 2022/03/24 14:54:28.136, 139.29 W, 1790 MHz, 3802 MHz, 1790 MHz
0, 2022/03/24 14:54:38.142, 112.75 W, 1781 MHz, 3802 MHz, 1781 MHz
0, 2022/03/24 14:54:48.159, 109.97 W, 1788 MHz, 3802 MHz, 1788 MHz
0, 2022/03/24 14:54:58.167, 131.81 W, 1784 MHz, 3802 MHz, 1784 MHz
0, 2022/03/24 14:55:08.177, 127.92 W, 1773 MHz, 3802 MHz, 1773 MHz
0, 2022/03/24 14:55:18.198, 54.80 W, 1758 MHz, 3802 MHz, 1758 MHz
0, 2022/03/24 14:55:28.205, 55.29 W, 1778 MHz, 3802 MHz, 1778 MHz
0, 2022/03/24 14:55:38.222, 52.49 W, 1804 MHz, 3802 MHz, 1804 MHz
0, 2022/03/24 14:55:48.229, 92.34 W, 1788 MHz, 3802 MHz, 1788 MHz
0, 2022/03/24 14:55:58.241, 133.23 W, 1796 MHz, 3802 MHz, 1796 MHz
0, 2022/03/24 14:56:08.257, 130.43 W, 1782 MHz, 3802 MHz, 1782 MHz
0, 2022/03/24 14:56:18.287, 51.74 W, 1790 MHz, 3802 MHz, 1790 MHz
0, 2022/03/24 14:56:28.305, 84.66 W, 1785 MHz, 3802 MHz, 1785 MHz
0, 2022/03/24 14:56:38.323, 119.57 W, 1802 MHz, 3802 MHz, 1802 MHz
0, 2022/03/24 14:56:48.328, 147.52 W, 1737 MHz, 3802 MHz, 1737 MHz
0, 2022/03/24 14:56:58.349, 134.42 W, 1760 MHz, 3802 MHz, 1760 MHz
0, 2022/03/24 14:57:08.366, 55.05 W, 1782 MHz, 3802 MHz, 1782 MHz
0, 2022/03/24 14:57:18.384, 54.96 W, 1785 MHz, 3802 MHz, 1785 MHz
0, 2022/03/24 14:57:28.396, 130.51 W, 1801 MHz, 3802 MHz, 1801 MHz
0, 2022/03/24 14:57:38.415, 63.51 W, 1776 MHz, 3802 MHz, 1776 MHz
0, 2022/03/24 14:57:48.420, 132.75 W, 1794 MHz, 3802 MHz, 1794 MHz
0, 2022/03/24 14:57:58.428, 129.85 W, 1767 MHz, 3802 MHz, 1767 MHz
0, 2022/03/24 14:58:08.443, 156.77 W, 1795 MHz, 3802 MHz, 1795 MHz
0, 2022/03/24 14:58:18.463, 135.91 W, 1757 MHz, 3802 MHz, 1757 MHz
0, 2022/03/24 14:58:28.472, 135.70 W, 1801 MHz, 3802 MHz, 1801 MHz
0, 2022/03/24 14:58:38.491, 55.73 W, 1769 MHz, 3802 MHz, 1769 MHz
0, 2022/03/24 14:58:48.500, 52.27 W, 1786 MHz, 3802 MHz, 1786 MHz
0, 2022/03/24 14:58:58.505, 133.91 W, 1779 MHz, 3802 MHz, 1779 MHz
0, 2022/03/24 14:59:08.522, 122.35 W, 1762 MHz, 3802 MHz, 1762 MHz
0, 2022/03/24 14:59:18.536, 124.54 W, 1754 MHz, 3802 MHz, 1754 MHz
0, 2022/03/24 14:59:28.552, 132.86 W, 1793 MHz, 3802 MHz, 1793 MHz
0, 2022/03/24 14:59:38.562, 131.31 W, 1780 MHz, 3802 MHz, 1780 MHz
0, 2022/03/24 14:59:48.574, 116.76 W, 1780 MHz, 3802 MHz, 1780 MHz
0, 2022/03/24 14:59:58.584, 130.44 W, 1800 MHz, 3802 MHz, 1800 MHz
0, 2022/03/24 15:00:08.596, 125.40 W, 1804 MHz, 3802 MHz, 1804 MHz
0, 2022/03/24 15:00:18.605, 116.56 W, 1778 MHz, 3802 MHz, 1778 MHz
0, 2022/03/24 15:00:28.617, 52.61 W, 1796 MHz, 3802 MHz, 1796 MHz
0, 2022/03/24 15:00:38.635, 140.90 W, 1759 MHz, 3802 MHz, 1759 MHz
0, 2022/03/24 15:00:48.644, 141.62 W, 1781 MHz, 3802 MHz, 1781 MHz
0, 2022/03/24 15:00:58.663, 132.66 W, 1787 MHz, 3802 MHz, 1787 MHz
0, 2022/03/24 15:01:08.678, 121.81 W, 1778 MHz, 3802 MHz, 1778 MHz
0, 2022/03/24 15:01:18.696, 54.01 W, 1762 MHz, 3802 MHz, 1762 MHz
0, 2022/03/24 15:01:28.714, 139.86 W, 1768 MHz, 3802 MHz, 1768 MHz
0, 2022/03/24 15:01:38.724, 136.66 W, 1774 MHz, 3802 MHz, 1774 MHz
0, 2022/03/24 15:01:48.740, 84.62 W, 1812 MHz, 3802 MHz, 1812 MHz
0, 2022/03/24 15:01:58.752, 107.08 W, 1779 MHz, 3802 MHz, 1779 MHz
0, 2022/03/24 15:02:08.767, 127.57 W, 1799 MHz, 3802 MHz, 1799 MHz
0, 2022/03/24 15:02:18.783, 132.30 W, 1793 MHz, 3802 MHz, 1793 MHz
0, 2022/03/24 15:02:28.798, 131.92 W, 1801 MHz, 3802 MHz, 1801 MHz
0, 2022/03/24 15:02:38.803, 133.48 W, 1801 MHz, 3802 MHz, 1801 MHz
0, 2022/03/24 15:02:48.818, 54.72 W, 1794 MHz, 3802 MHz, 1794 MHz
0, 2022/03/24 15:02:58.835, 53.96 W, 1797 MHz, 3802 MHz, 1797 MHz
0, 2022/03/24 15:03:08.842, 52.71 W, 1780 MHz, 3802 MHz, 1780 MHz
0, 2022/03/24 15:03:18.849, 54.80 W, 1771 MHz, 3802 MHz, 1771 MHz
0, 2022/03/24 15:03:28.856, 131.84 W, 1812 MHz, 3802 MHz, 1812 MHz
0, 2022/03/24 15:03:38.868, 150.32 W, 1758 MHz, 3802 MHz, 1758 MHz
0, 2022/03/24 15:03:48.881, 139.04 W, 1793 MHz, 3802 MHz, 1793 MHz
0, 2022/03/24 15:03:58.898, 56.35 W, 1789 MHz, 3802 MHz, 1789 MHz
0, 2022/03/24 15:04:08.917, 122.16 W, 1790 MHz, 3802 MHz, 1790 MHz
0, 2022/03/24 15:04:18.930, 135.28 W, 1789 MHz, 3802 MHz, 1789 MHz
0, 2022/03/24 15:04:28.946, 124.40 W, 1802 MHz, 3802 MHz, 1802 MHz
0, 2022/03/24 15:04:38.964, 136.02 W, 1793 MHz, 3802 MHz, 1793 MHz
0, 2022/03/24 15:04:48.974, 79.56 W, 1808 MHz, 3802 MHz, 1808 MHz
0, 2022/03/24 15:04:58.979, 108.75 W, 1793 MHz, 3802 MHz, 1793 MHz
0, 2022/03/24 15:05:08.993, 139.53 W, 1771 MHz, 3802 MHz, 1771 MHz
0, 2022/03/24 15:05:18.999, 54.53 W, 1788 MHz, 3802 MHz, 1788 MHz
0, 2022/03/24 15:05:29.017, 121.34 W, 1794 MHz, 3802 MHz, 1794 MHz
0, 2022/03/24 15:05:39.023, 52.35 W, 1811 MHz, 3802 MHz, 1811 MHz
0, 2022/03/24 15:05:49.031, 148.05 W, 1770 MHz, 3802 MHz, 1770 MHz
0, 2022/03/24 15:05:59.047, 119.67 W, 1798 MHz, 3802 MHz, 1798 MHz
0, 2022/03/24 15:06:09.059, 131.01 W, 1795 MHz, 3802 MHz, 1795 MHz
0, 2022/03/24 15:06:19.065, 145.40 W, 1786 MHz, 3802 MHz, 1786 MHz
0, 2022/03/24 15:06:29.070, 122.35 W, 1770 MHz, 3802 MHz, 1770 MHz
0, 2022/03/24 15:06:39.080, 143.45 W, 1806 MHz, 3802 MHz, 1806 MHz
0, 2022/03/24 15:06:49.085, 108.68 W, 1767 MHz, 3802 MHz, 1767 MHz
0, 2022/03/24 15:06:59.098, 115.13 W, 1800 MHz, 3802 MHz, 1800 MHz
0, 2022/03/24 15:07:09.113, 129.61 W, 1786 MHz, 3802 MHz, 1786 MHz
0, 2022/03/24 15:07:19.118, 139.61 W, 1780 MHz, 3802 MHz, 1780 MHz
0, 2022/03/24 15:07:29.126, 121.90 W, 1783 MHz, 3802 MHz, 1783 MHz
0, 2022/03/24 15:07:39.146, 124.80 W, 1776 MHz, 3802 MHz, 1776 MHz
0, 2022/03/24 15:07:49.159, 118.67 W, 1806 MHz, 3802 MHz, 1806 MHz
0, 2022/03/24 15:07:59.177, 131.54 W, 1797 MHz, 3802 MHz, 1797 MHz
0, 2022/03/24 15:08:09.193, 109.13 W, 1801 MHz, 3802 MHz, 1801 MHz
0, 2022/03/24 15:08:19.210, 127.45 W, 1783 MHz, 3802 MHz, 1783 MHz
0, 2022/03/24 15:08:29.214, 51.46 W, 1790 MHz, 3802 MHz, 1790 MHz
0, 2022/03/24 15:08:39.223, 141.57 W, 1794 MHz, 3802 MHz, 1794 MHz
0, 2022/03/24 15:08:49.241, 74.94 W, 1757 MHz, 3802 MHz, 1757 MHz
0, 2022/03/24 15:08:59.253, 131.59 W, 1786 MHz, 3802 MHz, 1786 MHz
0, 2022/03/24 15:09:09.260, 105.35 W, 1801 MHz, 3802 MHz, 1801 MHz
0, 2022/03/24 15:09:19.271, 140.15 W, 1784 MHz, 3802 MHz, 1784 MHz
0, 2022/03/24 15:09:29.284, 116.99 W, 1788 MHz, 3802 MHz, 1788 MHz
0, 2022/03/24 15:09:39.289, 127.70 W, 1775 MHz, 3802 MHz, 1775 MHz
0, 2022/03/24 15:09:49.304, 135.70 W, 1771 MHz, 3802 MHz, 1771 MHz
0, 2022/03/24 15:09:59.308, 129.81 W, 1780 MHz, 3802 MHz, 1780 MHz
0, 2022/03/24 15:10:09.325, 125.59 W, 1765 MHz, 3802 MHz, 1765 MHz
0, 2022/03/24 15:10:19.331, 129.75 W, 1788 MHz, 3802 MHz, 1788 MHz
0, 2022/03/24 15:10:29.344, 50.00 W, 1804 MHz, 3802 MHz, 1804 MHz
0, 2022/03/24 15:10:39.350, 127.74 W, 1782 MHz, 3802 MHz, 1782 MHz
0, 2022/03/24 15:10:49.368, 137.08 W, 1781 MHz, 3802 MHz, 1781 MHz
0, 2022/03/24 15:10:59.379, 51.98 W, 1799 MHz, 3802 MHz, 1799 MHz
0, 2022/03/24 15:11:09.396, 123.99 W, 1783 MHz, 3802 MHz, 1783 MHz
0, 2022/03/24 15:11:19.404, 133.88 W, 1808 MHz, 3802 MHz, 1808 MHz
0, 2022/03/24 15:11:29.420, 122.90 W, 1785 MHz, 3802 MHz, 1785 MHz
0, 2022/03/24 15:11:39.424, 133.96 W, 1801 MHz, 3802 MHz, 1801 MHz
0, 2022/03/24 15:11:49.428, 53.89 W, 1808 MHz, 3802 MHz, 1808 MHz
0, 2022/03/24 15:11:59.447, 54.96 W, 1779 MHz, 3802 MHz, 1779 MHz
0, 2022/03/24 15:12:09.454, 56.92 W, 1777 MHz, 3802 MHz, 1777 MHz
0, 2022/03/24 15:12:19.458, 68.67 W, 1791 MHz, 3802 MHz, 1791 MHz
0, 2022/03/24 15:12:29.475, 142.96 W, 1758 MHz, 3802 MHz, 1758 MHz
0, 2022/03/24 15:12:39.491, 63.66 W, 1774 MHz, 3802 MHz, 1774 MHz
0, 2022/03/24 15:12:49.503, 129.38 W, 1780 MHz, 3802 MHz, 1780 MHz
0, 2022/03/24 15:12:59.521, 146.71 W, 1804 MHz, 3802 MHz, 1804 MHz
0, 2022/03/24 15:13:09.525, 55.40 W, 1794 MHz, 3802 MHz, 1794 MHz
0, 2022/03/24 15:13:19.533, 117.37 W, 1799 MHz, 3802 MHz, 1799 MHz
0, 2022/03/24 15:13:29.539, 104.05 W, 1745 MHz, 3802 MHz, 1745 MHz
0, 2022/03/24 15:13:39.547, 128.45 W, 1784 MHz, 3802 MHz, 1784 MHz
0, 2022/03/24 15:13:49.557, 147.02 W, 1777 MHz, 3802 MHz, 1777 MHz
0, 2022/03/24 15:13:59.567, 136.04 W, 1759 MHz, 3802 MHz, 1759 MHz
0, 2022/03/24 15:14:09.582, 120.25 W, 1711 MHz, 3802 MHz, 1711 MHz
0, 2022/03/24 15:14:19.595, 53.05 W, 1789 MHz, 3802 MHz, 1789 MHz
0, 2022/03/24 15:14:29.602, 139.79 W, 1786 MHz, 3802 MHz, 1786 MHz
0, 2022/03/24 15:14:39.611, 53.98 W, 1790 MHz, 3802 MHz, 1790 MHz
0, 2022/03/24 15:14:49.622, 55.27 W, 1788 MHz, 3802 MHz, 1788 MHz
0, 2022/03/24 15:14:59.631, 139.97 W, 1795 MHz, 3802 MHz, 1795 MHz
0, 2022/03/24 15:15:09.638, 147.25 W, 1772 MHz, 3802 MHz, 1772 MHz
0, 2022/03/24 15:15:19.652, 122.94 W, 1788 MHz, 3802 MHz, 1788 MHz
0, 2022/03/24 15:15:29.662, 138.18 W, 1762 MHz, 3802 MHz, 1762 MHz
0, 2022/03/24 15:15:39.668, 120.44 W, 1774 MHz, 3802 MHz, 1774 MHz
0, 2022/03/24 15:15:49.689, 124.67 W, 1776 MHz, 3802 MHz, 1776 MHz
0, 2022/03/24 15:15:59.704, 123.32 W, 1781 MHz, 3802 MHz, 1781 MHz
0, 2022/03/24 15:16:09.713, 127.57 W, 1792 MHz, 3802 MHz, 1792 MHz
0, 2022/03/24 15:16:19.732, 111.28 W, 1792 MHz, 3802 MHz, 1792 MHz
0, 2022/03/24 15:16:29.740, 149.71 W, 1775 MHz, 3802 MHz, 1775 MHz
0, 2022/03/24 15:16:39.751, 13.62 W, 286 MHz, 405 MHz, 286 MHz
0, 2022/03/24 15:16:49.763, 12.85 W, 225 MHz, 405 MHz, 225 MHz
0, 2022/03/24 15:16:59.779, 12.55 W, 212 MHz, 405 MHz, 212 MHz
0, 2022/03/24 15:17:09.793, 11.49 W, 229 MHz, 405 MHz, 229 MHz
0, 2022/03/24 15:17:19.802, 11.58 W, 230 MHz, 405 MHz, 230 MHz
0, 2022/03/24 15:17:29.818, 11.14 W, 195 MHz, 405 MHz, 195 MHz
0, 2022/03/24 15:17:39.828, 11.23 W, 213 MHz, 405 MHz, 213 MHz
0, 2022/03/24 15:17:49.839, 10.80 W, 205 MHz, 405 MHz, 205 MHz
0, 2022/03/24 15:17:59.848, 10.55 W, 214 MHz, 405 MHz, 214 MHz
0, 2022/03/24 15:18:09.859, 10.36 W, 215 MHz, 405 MHz, 215 MHz
0, 2022/03/24 15:18:19.872, 10.65 W, 219 MHz, 405 MHz, 219 MHz
0, 2022/03/24 15:18:29.888, 9.73 W, 208 MHz, 405 MHz, 208 MHz
0, 2022/03/24 15:18:39.892, 9.73 W, 220 MHz, 405 MHz, 220 MHz
0, 2022/03/24 15:18:49.906, 10.85 W, 213 MHz, 405 MHz, 213 MHz
0, 2022/03/24 15:18:59.925, 9.96 W, 189 MHz, 405 MHz, 189 MHz
0, 2022/03/24 15:19:09.941, 8.95 W, 194 MHz, 405 MHz, 194 MHz
0, 2022/03/24 15:19:19.954, 10.40 W, 212 MHz, 405 MHz, 212 MHz
0, 2022/03/24 15:19:29.965, 10.02 W, 212 MHz, 405 MHz, 212 MHz
0, 2022/03/24 15:19:39.972, 9.77 W, 201 MHz, 405 MHz, 201 MHz
0, 2022/03/24 15:19:49.984, 10.21 W, 228 MHz, 405 MHz, 228 MHz
0, 2022/03/24 15:20:00.001, 9.87 W, 223 MHz, 405 MHz, 223 MHz
0, 2022/03/24 15:20:10.018, 10.06 W, 222 MHz, 405 MHz, 222 MHz
0, 2022/03/24 15:20:20.022, 10.40 W, 226 MHz, 405 MHz, 226 MHz
0, 2022/03/24 15:20:30.028, 9.87 W, 220 MHz, 405 MHz, 220 MHz
0, 2022/03/24 15:20:40.035, 9.96 W, 219 MHz, 405 MHz, 219 MHz
0, 2022/03/24 15:20:50.054, 10.21 W, 227 MHz, 405 MHz, 227 MHz
0, 2022/03/24 15:21:00.068, 9.87 W, 225 MHz, 405 MHz, 225 MHz
0, 2022/03/24 15:21:10.086, 9.97 W, 229 MHz, 405 MHz, 229 MHz
0, 2022/03/24 15:21:20.094, 10.16 W, 237 MHz, 405 MHz, 237 MHz
0, 2022/03/24 15:21:30.098, 10.60 W, 231 MHz, 405 MHz, 231 MHz
0, 2022/03/24 15:21:40.111, 9.88 W, 241 MHz, 405 MHz, 241 MHz
0, 2022/03/24 15:21:50.119, 9.97 W, 238 MHz, 405 MHz, 238 MHz
0, 2022/03/24 15:22:00.134, 10.07 W, 237 MHz, 405 MHz, 237 MHz
0, 2022/03/24 15:22:10.140, 9.97 W, 233 MHz, 405 MHz, 233 MHz
0, 2022/03/24 15:22:20.156, 10.26 W, 230 MHz, 405 MHz, 230 MHz
0, 2022/03/24 15:22:30.162, 10.16 W, 228 MHz, 405 MHz, 228 MHz
0, 2022/03/24 15:22:40.175, 9.87 W, 230 MHz, 405 MHz, 230 MHz
0, 2022/03/24 15:22:50.189, 10.16 W, 186 MHz, 405 MHz, 186 MHz
0, 2022/03/24 15:23:00.208, 9.87 W, 188 MHz, 405 MHz, 188 MHz
0, 2022/03/24 15:23:10.221, 8.70 W, 179 MHz, 405 MHz, 179 MHz
0, 2022/03/24 15:23:20.236, 10.06 W, 227 MHz, 405 MHz, 227 MHz
0, 2022/03/24 15:23:30.246, 10.35 W, 231 MHz, 405 MHz, 231 MHz
0, 2022/03/24 15:23:40.253, 10.80 W, 227 MHz, 405 MHz, 227 MHz
0, 2022/03/24 15:23:50.262, 10.16 W, 234 MHz, 405 MHz, 234 MHz
0, 2022/03/24 15:24:00.278, 10.35 W, 232 MHz, 405 MHz, 232 MHz
0, 2022/03/24 15:24:10.289, 10.06 W, 228 MHz, 405 MHz, 228 MHz
0, 2022/03/24 15:24:20.303, 10.26 W, 228 MHz, 405 MHz, 228 MHz
0, 2022/03/24 15:24:30.315, 9.43 W, 228 MHz, 405 MHz, 228 MHz
0, 2022/03/24 15:24:40.325, 9.53 W, 232 MHz, 405 MHz, 232 MHz
0, 2022/03/24 15:24:50.337, 10.26 W, 222 MHz, 405 MHz, 222 MHz
0, 2022/03/24 15:25:00.356, 10.26 W, 221 MHz, 405 MHz, 221 MHz
0, 2022/03/24 15:25:10.360, 10.16 W, 228 MHz, 405 MHz, 228 MHz
0, 2022/03/24 15:25:20.373, 9.72 W, 224 MHz, 405 MHz, 224 MHz
0, 2022/03/24 15:25:30.384, 9.43 W, 220 MHz, 405 MHz, 220 MHz
0, 2022/03/24 15:25:40.396, 10.26 W, 218 MHz, 405 MHz, 218 MHz
0, 2022/03/24 15:25:50.410, 9.72 W, 209 MHz, 405 MHz, 209 MHz
0, 2022/03/24 15:26:00.417, 9.82 W, 202 MHz, 405 MHz, 202 MHz
0, 2022/03/24 15:26:10.430, 10.36 W, 205 MHz, 405 MHz, 205 MHz
0, 2022/03/24 15:26:20.437, 9.92 W, 201 MHz, 405 MHz, 201 MHz
0, 2022/03/24 15:26:30.457, 9.63 W, 210 MHz, 405 MHz, 210 MHz
0, 2022/03/24 15:26:40.469, 9.82 W, 208 MHz, 405 MHz, 208 MHz
0, 2022/03/24 15:26:50.488, 9.53 W, 206 MHz, 405 MHz, 206 MHz
0, 2022/03/24 15:27:00.503, 9.43 W, 206 MHz, 405 MHz, 206 MHz
0, 2022/03/24 15:27:10.520, 8.99 W, 218 MHz, 405 MHz, 218 MHz
0, 2022/03/24 15:27:20.533, 10.11 W, 210 MHz, 405 MHz, 210 MHz
0, 2022/03/24 15:27:30.550, 9.58 W, 218 MHz, 405 MHz, 218 MHz
0, 2022/03/24 15:27:40.559, 9.72 W, 209 MHz, 405 MHz, 209 MHz
0, 2022/03/24 15:27:50.576, 9.09 W, 219 MHz, 405 MHz, 219 MHz
0, 2022/03/24 15:28:00.589, 9.72 W, 208 MHz, 405 MHz, 208 MHz
0, 2022/03/24 15:28:10.601, 8.65 W, 211 MHz, 405 MHz, 211 MHz
0, 2022/03/24 15:28:20.619, 9.09 W, 207 MHz, 405 MHz, 207 MHz
0, 2022/03/24 15:28:30.638, 9.18 W, 210 MHz, 405 MHz, 210 MHz
0, 2022/03/24 15:28:40.647, 9.09 W, 215 MHz, 405 MHz, 215 MHz
0, 2022/03/24 15:28:50.653, 9.39 W, 202 MHz, 405 MHz, 202 MHz
0, 2022/03/24 15:29:00.672, 9.39 W, 211 MHz, 405 MHz, 211 MHz
0, 2022/03/24 15:29:10.685, 9.28 W, 223 MHz, 405 MHz, 223 MHz
0, 2022/03/24 15:29:20.707, 9.47 W, 229 MHz, 405 MHz, 229 MHz
0, 2022/03/24 15:29:30.723, 9.19 W, 224 MHz, 405 MHz, 224 MHz
0, 2022/03/24 15:29:40.743, 8.46 W, 228 MHz, 405 MHz, 228 MHz
0, 2022/03/24 15:29:50.754, 10.02 W, 230 MHz, 405 MHz, 230 MHz
0, 2022/03/24 15:30:00.770, 8.94 W, 230 MHz, 405 MHz, 230 MHz
0, 2022/03/24 15:30:10.788, 9.19 W, 221 MHz, 405 MHz, 221 MHz
0, 2022/03/24 15:30:20.795, 9.28 W, 227 MHz, 405 MHz, 227 MHz
0, 2022/03/24 15:30:30.799, 9.28 W, 225 MHz, 405 MHz, 225 MHz
0, 2022/03/24 15:30:40.816, 10.21 W, 226 MHz, 405 MHz, 226 MHz
0, 2022/03/24 15:30:50.828, 8.55 W, 198 MHz, 405 MHz, 198 MHz
0, 2022/03/24 15:31:00.842, 9.38 W, 207 MHz, 405 MHz, 207 MHz
0, 2022/03/24 15:31:10.857, 7.92 W, 181 MHz, 405 MHz, 181 MHz
0, 2022/03/24 15:31:20.869, 10.11 W, 217 MHz, 405 MHz, 217 MHz
0, 2022/03/24 15:31:30.887, 9.48 W, 226 MHz, 405 MHz, 226 MHz
0, 2022/03/24 15:31:40.904, 8.85 W, 221 MHz, 405 MHz, 221 MHz
0, 2022/03/24 15:31:50.917, 10.01 W, 224 MHz, 405 MHz, 224 MHz
0, 2022/03/24 15:32:00.923, 9.38 W, 224 MHz, 405 MHz, 224 MHz
0, 2022/03/24 15:32:10.940, 9.58 W, 223 MHz, 405 MHz, 223 MHz
0, 2022/03/24 15:32:20.950, 9.57 W, 217 MHz, 405 MHz, 217 MHz
0, 2022/03/24 15:32:30.971, 10.30 W, 218 MHz, 405 MHz, 218 MHz
0, 2022/03/24 15:32:40.986, 8.56 W, 219 MHz, 405 MHz, 219 MHz
0, 2022/03/24 15:32:51.005, 8.75 W, 217 MHz, 405 MHz, 217 MHz
0, 2022/03/24 15:33:01.019, 10.11 W, 218 MHz, 405 MHz, 218 MHz
0, 2022/03/24 15:33:11.028, 9.68 W, 211 MHz, 405 MHz, 211 MHz
0, 2022/03/24 15:33:21.045, 10.21 W, 211 MHz, 405 MHz, 211 MHz
0, 2022/03/24 15:33:31.058, 9.14 W, 218 MHz, 405 MHz, 218 MHz
0, 2022/03/24 15:33:41.075, 9.58 W, 213 MHz, 405 MHz, 213 MHz
0, 2022/03/24 15:33:51.082, 9.58 W, 216 MHz, 405 MHz, 216 MHz
0, 2022/03/24 15:34:01.094, 9.04 W, 222 MHz, 405 MHz, 222 MHz
0, 2022/03/24 15:34:11.106, 9.38 W, 218 MHz, 405 MHz, 218 MHz
0, 2022/03/24 15:34:21.125, 10.11 W, 213 MHz, 405 MHz, 213 MHz
0, 2022/03/24 15:34:31.142, 9.48 W, 214 MHz, 405 MHz, 214 MHz
0, 2022/03/24 15:34:41.159, 8.31 W, 214 MHz, 405 MHz, 214 MHz
0, 2022/03/24 15:34:51.173, 9.77 W, 217 MHz, 405 MHz, 217 MHz
0, 2022/03/24 15:35:01.181, 8.85 W, 218 MHz, 405 MHz, 218 MHz
0, 2022/03/24 15:35:11.186, 8.94 W, 219 MHz, 405 MHz, 219 MHz
0, 2022/03/24 15:35:21.196, 9.38 W, 221 MHz, 405 MHz, 221 MHz
0, 2022/03/24 15:35:31.207, 8.46 W, 231 MHz, 405 MHz, 231 MHz
0, 2022/03/24 15:35:41.224, 9.58 W, 229 MHz, 405 MHz, 229 MHz
0, 2022/03/24 15:35:51.242, 9.28 W, 227 MHz, 405 MHz, 227 MHz
0, 2022/03/24 15:36:01.247, 10.11 W, 232 MHz, 405 MHz, 232 MHz
0, 2022/03/24 15:36:11.253, 9.57 W, 233 MHz, 405 MHz, 233 MHz
0, 2022/03/24 15:36:21.269, 9.28 W, 229 MHz, 405 MHz, 229 MHz
0, 2022/03/24 15:36:31.287, 8.65 W, 224 MHz, 405 MHz, 224 MHz
0, 2022/03/24 15:36:41.295, 8.85 W, 216 MHz, 405 MHz, 216 MHz
0, 2022/03/24 15:36:51.311, 9.38 W, 216 MHz, 405 MHz, 216 MHz
0, 2022/03/24 15:37:01.329, 9.67 W, 216 MHz, 405 MHz, 216 MHz
0, 2022/03/24 15:37:11.347, 9.57 W, 224 MHz, 405 MHz, 224 MHz
0, 2022/03/24 15:37:21.360, 9.58 W, 231 MHz, 405 MHz, 231 MHz
0, 2022/03/24 15:37:31.365, 9.48 W, 234 MHz, 405 MHz, 234 MHz
0, 2022/03/24 15:37:41.381, 10.21 W, 231 MHz, 405 MHz, 231 MHz
0, 2022/03/24 15:37:51.397, 8.95 W, 217 MHz, 405 MHz, 217 MHz
0, 2022/03/24 15:38:01.410, 10.21 W, 230 MHz, 405 MHz, 230 MHz
0, 2022/03/24 15:38:11.427, 9.58 W, 231 MHz, 405 MHz, 231 MHz
0, 2022/03/24 15:38:21.442, 8.75 W, 226 MHz, 405 MHz, 226 MHz
0, 2022/03/24 15:38:31.461, 9.68 W, 225 MHz, 405 MHz, 225 MHz
0, 2022/03/24 15:38:41.471, 9.39 W, 229 MHz, 405 MHz, 229 MHz
0, 2022/03/24 15:38:51.488, 8.65 W, 229 MHz, 405 MHz, 229 MHz
0, 2022/03/24 15:39:01.497, 8.55 W, 196 MHz, 405 MHz, 196 MHz
0, 2022/03/24 15:39:11.505, 9.18 W, 164 MHz, 405 MHz, 164 MHz
0, 2022/03/24 15:39:21.524, 8.95 W, 221 MHz, 405 MHz, 221 MHz
0, 2022/03/24 15:39:31.530, 9.05 W, 229 MHz, 405 MHz, 229 MHz
0, 2022/03/24 15:39:41.547, 9.67 W, 229 MHz, 405 MHz, 229 MHz
0, 2022/03/24 15:39:51.560, 9.58 W, 226 MHz, 405 MHz, 226 MHz
0, 2022/03/24 15:40:01.577, 9.14 W, 232 MHz, 405 MHz, 232 MHz
0, 2022/03/24 15:40:11.589, 10.21 W, 229 MHz, 405 MHz, 229 MHz
0, 2022/03/24 15:40:21.598, 10.65 W, 250 MHz, 405 MHz, 250 MHz
0, 2022/03/24 15:40:31.614, 10.89 W, 212 MHz, 405 MHz, 212 MHz
0, 2022/03/24 15:40:41.641, 34.81 W, 1506 MHz, 4006 MHz, 1506 MHz
0, 2022/03/24 15:40:51.654, 33.95 W, 1505 MHz, 4006 MHz, 1505 MHz
0, 2022/03/24 15:41:01.661, 34.72 W, 1505 MHz, 4006 MHz, 1505 MHz
0, 2022/03/24 15:41:11.679, 33.78 W, 1506 MHz, 4006 MHz, 1506 MHz
0, 2022/03/24 15:41:21.693, 34.11 W, 1505 MHz, 4006 MHz, 1505 MHz
0, 2022/03/24 15:41:31.698, 34.13 W, 1506 MHz, 4006 MHz, 1506 MHz
0, 2022/03/24 15:41:41.713, 10.50 W, 259 MHz, 810 MHz, 259 MHz
0, 2022/03/24 15:41:51.726, 10.69 W, 305 MHz, 810 MHz, 305 MHz
0, 2022/03/24 15:42:01.735, 10.70 W, 312 MHz, 810 MHz, 312 MHz
0, 2022/03/24 15:42:11.749, 11.52 W, 302 MHz, 810 MHz, 302 MHz
0, 2022/03/24 15:42:21.767, 33.89 W, 1505 MHz, 4006 MHz, 1505 MHz
0, 2022/03/24 15:42:31.778, 10.35 W, 294 MHz, 405 MHz, 294 MHz
0, 2022/03/24 15:42:41.785, 11.61 W, 362 MHz, 810 MHz, 362 MHz
0, 2022/03/24 15:42:51.793, 9.96 W, 318 MHz, 810 MHz, 318 MHz
0, 2022/03/24 15:43:01.812, 10.79 W, 315 MHz, 810 MHz, 315 MHz
0, 2022/03/24 15:43:11.831, 10.99 W, 318 MHz, 810 MHz, 318 MHz
0, 2022/03/24 15:43:21.846, 8.99 W, 319 MHz, 405 MHz, 319 MHz
0, 2022/03/24 15:43:31.865, 9.82 W, 307 MHz, 810 MHz, 307 MHz
0, 2022/03/24 15:43:41.879, 10.94 W, 318 MHz, 810 MHz, 318 MHz
0, 2022/03/24 15:43:51.895, 9.63 W, 293 MHz, 810 MHz, 293 MHz
0, 2022/03/24 15:44:01.912, 9.72 W, 305 MHz, 810 MHz, 305 MHz
0, 2022/03/24 15:44:11.927, 10.01 W, 265 MHz, 405 MHz, 265 MHz
0, 2022/03/24 15:44:21.935, 8.99 W, 262 MHz, 405 MHz, 262 MHz
0, 2022/03/24 15:44:31.949, 10.55 W, 339 MHz, 810 MHz, 339 MHz
0, 2022/03/24 15:44:41.960, 9.91 W, 362 MHz, 810 MHz, 362 MHz
0, 2022/03/24 15:44:51.974, 33.47 W, 1506 MHz, 4006 MHz, 1506 MHz
0, 2022/03/24 15:45:01.980, 33.69 W, 1506 MHz, 4006 MHz, 1506 MHz
0, 2022/03/24 15:45:11.994, 33.69 W, 1506 MHz, 4006 MHz, 1506 MHz
0, 2022/03/24 15:45:22.005, 33.69 W, 1506 MHz, 4006 MHz, 1506 MHz
0, 2022/03/24 15:45:32.021, 34.01 W, 1505 MHz, 4006 MHz, 1505 MHz
0, 2022/03/24 15:45:42.039, 9.43 W, 313 MHz, 405 MHz, 313 MHz
0, 2022/03/24 15:45:52.055, 10.99 W, 265 MHz, 405 MHz, 265 MHz
0, 2022/03/24 15:46:02.068, 33.92 W, 1506 MHz, 4006 MHz, 1506 MHz
0, 2022/03/24 15:46:12.081, 34.05 W, 1505 MHz, 4006 MHz, 1505 MHz
0, 2022/03/24 15:46:22.098, 33.93 W, 1506 MHz, 4006 MHz, 1506 MHz
0, 2022/03/24 15:46:32.109, 10.06 W, 312 MHz, 810 MHz, 312 MHz
0, 2022/03/24 15:46:42.122, 9.82 W, 226 MHz, 405 MHz, 226 MHz
0, 2022/03/24 15:46:52.136, 9.00 W, 222 MHz, 405 MHz, 222 MHz
0, 2022/03/24 15:47:02.154, 8.99 W, 214 MHz, 405 MHz, 214 MHz
0, 2022/03/24 15:47:12.161, 9.19 W, 212 MHz, 405 MHz, 212 MHz
0, 2022/03/24 15:47:22.174, 9.09 W, 219 MHz, 405 MHz, 219 MHz
0, 2022/03/24 15:47:32.180, 9.63 W, 294 MHz, 405 MHz, 294 MHz
0, 2022/03/24 15:47:42.191, 9.09 W, 294 MHz, 405 MHz, 294 MHz
0, 2022/03/24 15:47:52.208, 11.28 W, 308 MHz, 810 MHz, 308 MHz
0, 2022/03/24 15:48:02.220, 10.79 W, 293 MHz, 810 MHz, 293 MHz
0, 2022/03/24 15:48:12.226, 10.02 W, 285 MHz, 810 MHz, 285 MHz
0, 2022/03/24 15:48:22.245, 8.80 W, 210 MHz, 405 MHz, 210 MHz
0, 2022/03/24 15:48:32.256, 7.38 W, 80 MHz, 405 MHz, 80 MHz
0, 2022/03/24 15:48:42.269, 7.92 W, 128 MHz, 405 MHz, 128 MHz
0, 2022/03/24 15:48:52.273, 7.48 W, 98 MHz, 405 MHz, 98 MHz
0, 2022/03/24 15:49:02.281, 7.63 W, 81 MHz, 405 MHz, 81 MHz
0, 2022/03/24 15:49:12.296, 7.29 W, 77 MHz, 405 MHz, 77 MHz
0, 2022/03/24 15:49:22.313, 7.39 W, 119 MHz, 405 MHz, 119 MHz
0, 2022/03/24 15:49:32.323, 7.29 W, 82 MHz, 405 MHz, 82 MHz
0, 2022/03/24 15:49:42.329, 7.39 W, 111 MHz, 405 MHz, 111 MHz
0, 2022/03/24 15:49:52.338, 7.38 W, 81 MHz, 405 MHz, 81 MHz
0, 2022/03/24 15:50:02.343, 7.29 W, 83 MHz, 405 MHz, 83 MHz
0, 2022/03/24 15:50:12.355, 7.29 W, 81 MHz, 405 MHz, 81 MHz
0, 2022/03/24 15:50:22.360, 8.02 W, 137 MHz, 405 MHz, 137 MHz
0, 2022/03/24 15:50:32.370, 7.48 W, 81 MHz, 405 MHz, 81 MHz
0, 2022/03/24 15:50:42.382, 7.19 W, 124 MHz, 405 MHz, 124 MHz
0, 2022/03/24 15:50:52.395, 7.58 W, 85 MHz, 405 MHz, 85 MHz
0, 2022/03/24 15:51:02.402, 7.39 W, 155 MHz, 405 MHz, 155 MHz
0, 2022/03/24 15:51:12.413, 7.48 W, 118 MHz, 405 MHz, 118 MHz
0, 2022/03/24 15:51:22.420, 7.38 W, 85 MHz, 405 MHz, 85 MHz
0, 2022/03/24 15:51:32.438, 7.48 W, 87 MHz, 405 MHz, 87 MHz
0, 2022/03/24 15:51:42.457, 7.58 W, 86 MHz, 405 MHz, 86 MHz
0, 2022/03/24 15:51:52.472, 7.48 W, 87 MHz, 405 MHz, 87 MHz
0, 2022/03/24 15:52:02.484, 7.48 W, 107 MHz, 405 MHz, 107 MHz
0, 2022/03/24 15:52:12.491, 8.84 W, 179 MHz, 405 MHz, 179 MHz
0, 2022/03/24 15:52:22.501, 8.12 W, 197 MHz, 405 MHz, 197 MHz
0, 2022/03/24 15:52:32.514, 8.85 W, 186 MHz, 405 MHz, 186 MHz
0, 2022/03/24 15:52:42.522, 8.94 W, 171 MHz, 405 MHz, 171 MHz
0, 2022/03/24 15:52:52.541, 8.21 W, 193 MHz, 405 MHz, 193 MHz
0, 2022/03/24 15:53:02.560, 8.22 W, 154 MHz, 405 MHz, 154 MHz
0, 2022/03/24 15:53:12.569, 8.56 W, 162 MHz, 405 MHz, 162 MHz
0, 2022/03/24 15:53:22.583, 8.11 W, 178 MHz, 405 MHz, 178 MHz
0, 2022/03/24 15:53:32.603, 8.75 W, 179 MHz, 405 MHz, 179 MHz
0, 2022/03/24 15:53:42.619, 8.11 W, 151 MHz, 405 MHz, 151 MHz
0, 2022/03/24 15:53:52.631, 8.21 W, 176 MHz, 405 MHz, 176 MHz
0, 2022/03/24 15:54:02.639, 7.48 W, 178 MHz, 405 MHz, 178 MHz
0, 2022/03/24 15:54:12.645, 7.77 W, 146 MHz, 405 MHz, 146 MHz
0, 2022/03/24 15:54:22.649, 9.28 W, 213 MHz, 405 MHz, 213 MHz
0, 2022/03/24 15:54:32.665, 8.55 W, 180 MHz, 405 MHz, 180 MHz
0, 2022/03/24 15:54:42.675, 10.74 W, 176 MHz, 405 MHz, 176 MHz
0, 2022/03/24 15:54:52.691, 33.20 W, 1506 MHz, 4006 MHz, 1506 MHz
0, 2022/03/24 15:55:02.702, 33.27 W, 1506 MHz, 4006 MHz, 1506 MHz
0, 2022/03/24 15:55:12.707, 33.37 W, 1506 MHz, 4006 MHz, 1506 MHz
0, 2022/03/24 15:55:22.710, 28.79 W, 911 MHz, 3802 MHz, 911 MHz
0, 2022/03/24 15:55:32.727, 8.56 W, 144 MHz, 405 MHz, 144 MHz
0, 2022/03/24 15:55:42.734, 8.36 W, 200 MHz, 405 MHz, 200 MHz
0, 2022/03/24 15:55:52.753, 8.55 W, 177 MHz, 405 MHz, 177 MHz
0, 2022/03/24 15:56:02.768, 9.28 W, 172 MHz, 405 MHz, 172 MHz
0, 2022/03/24 15:56:12.786, 8.55 W, 169 MHz, 405 MHz, 169 MHz
0, 2022/03/24 15:56:22.797, 8.85 W, 158 MHz, 405 MHz, 158 MHz
0, 2022/03/24 15:56:32.815, 8.36 W, 174 MHz, 405 MHz, 174 MHz
0, 2022/03/24 15:56:42.822, 8.02 W, 144 MHz, 405 MHz, 144 MHz
0, 2022/03/24 15:56:52.836, 7.63 W, 144 MHz, 405 MHz, 144 MHz
0, 2022/03/24 15:57:02.854, 8.84 W, 171 MHz, 405 MHz, 171 MHz
0, 2022/03/24 15:57:12.873, 8.02 W, 162 MHz, 405 MHz, 162 MHz
0, 2022/03/24 15:57:22.880, 8.55 W, 142 MHz, 405 MHz, 142 MHz
0, 2022/03/24 15:57:32.889, 7.83 W, 144 MHz, 405 MHz, 144 MHz
0, 2022/03/24 15:57:42.902, 9.18 W, 169 MHz, 405 MHz, 169 MHz
0, 2022/03/24 15:57:52.915, 8.65 W, 149 MHz, 405 MHz, 149 MHz
0, 2022/03/24 15:58:02.921, 8.51 W, 178 MHz, 405 MHz, 178 MHz
0, 2022/03/24 15:58:12.930, 8.56 W, 164 MHz, 405 MHz, 164 MHz
0, 2022/03/24 15:58:22.934, 9.09 W, 167 MHz, 405 MHz, 167 MHz
0, 2022/03/24 15:58:32.941, 8.75 W, 144 MHz, 405 MHz, 144 MHz
0, 2022/03/24 15:58:42.946, 10.54 W, 792 MHz, 810 MHz, 792 MHz
0, 2022/03/24 15:58:52.953, 10.11 W, 177 MHz, 405 MHz, 177 MHz
0, 2022/03/24 15:59:02.969, 8.85 W, 175 MHz, 405 MHz, 175 MHz
0, 2022/03/24 15:59:12.988, 8.75 W, 178 MHz, 405 MHz, 178 MHz
0, 2022/03/24 15:59:22.993, 8.46 W, 185 MHz, 405 MHz, 185 MHz
0, 2022/03/24 15:59:33.009, 7.73 W, 153 MHz, 405 MHz, 153 MHz
0, 2022/03/24 15:59:43.023, 8.65 W, 172 MHz, 405 MHz, 172 MHz
0, 2022/03/24 15:59:53.035, 9.13 W, 193 MHz, 405 MHz, 193 MHz
0, 2022/03/24 16:00:03.051, 8.01 W, 151 MHz, 405 MHz, 151 MHz
0, 2022/03/24 16:00:13.058, 8.94 W, 143 MHz, 405 MHz, 143 MHz
0, 2022/03/24 16:00:23.069, 8.11 W, 181 MHz, 405 MHz, 181 MHz
0, 2022/03/24 16:00:33.086, 8.74 W, 173 MHz, 405 MHz, 173 MHz
0, 2022/03/24 16:00:43.100, 10.45 W, 403 MHz, 810 MHz, 403 MHz
0, 2022/03/24 16:00:53.110, 10.12 W, 275 MHz, 810 MHz, 275 MHz
0, 2022/03/24 16:01:03.113, 9.73 W, 280 MHz, 810 MHz, 280 MHz
0, 2022/03/24 16:01:13.131, 10.55 W, 256 MHz, 810 MHz, 256 MHz
0, 2022/03/24 16:01:23.145, 10.36 W, 253 MHz, 810 MHz, 253 MHz
0, 2022/03/24 16:01:33.163, 9.28 W, 172 MHz, 405 MHz, 172 MHz
0, 2022/03/24 16:01:43.178, 7.73 W, 137 MHz, 405 MHz, 137 MHz
0, 2022/03/24 16:01:53.188, 7.82 W, 167 MHz, 405 MHz, 167 MHz
0, 2022/03/24 16:02:03.200, 8.46 W, 170 MHz, 405 MHz, 170 MHz
0, 2022/03/24 16:02:13.216, 7.63 W, 166 MHz, 405 MHz, 166 MHz
0, 2022/03/24 16:02:23.224, 8.55 W, 166 MHz, 405 MHz, 166 MHz
0, 2022/03/24 16:02:33.240, 8.45 W, 174 MHz, 405 MHz, 174 MHz
0, 2022/03/24 16:02:43.251, 8.21 W, 191 MHz, 405 MHz, 191 MHz
0, 2022/03/24 16:02:53.270, 8.11 W, 169 MHz, 405 MHz, 169 MHz
0, 2022/03/24 16:03:03.283, 8.46 W, 172 MHz, 405 MHz, 172 MHz
0, 2022/03/24 16:03:13.287, 9.18 W, 189 MHz, 405 MHz, 189 MHz
0, 2022/03/24 16:03:23.302, 8.31 W, 176 MHz, 405 MHz, 176 MHz
0, 2022/03/24 16:03:33.308, 9.29 W, 180 MHz, 405 MHz, 180 MHz
0, 2022/03/24 16:03:43.318, 7.92 W, 142 MHz, 405 MHz, 142 MHz
0, 2022/03/24 16:03:53.325, 8.02 W, 134 MHz, 405 MHz, 134 MHz
0, 2022/03/24 16:04:03.331, 28.55 W, 987 MHz, 3802 MHz, 987 MHz
0, 2022/03/24 16:04:13.346, 8.55 W, 122 MHz, 405 MHz, 122 MHz
0, 2022/03/24 16:04:23.350, 9.67 W, 206 MHz, 405 MHz, 206 MHz
0, 2022/03/24 16:04:33.363, 7.38 W, 196 MHz, 405 MHz, 196 MHz
0, 2022/03/24 16:04:43.378, 8.94 W, 150 MHz, 405 MHz, 150 MHz
0, 2022/03/24 16:04:53.383, 10.11 W, 229 MHz, 405 MHz, 229 MHz
0, 2022/03/24 16:05:03.389, 8.21 W, 132 MHz, 405 MHz, 132 MHz
0, 2022/03/24 16:05:13.409, 8.12 W, 95 MHz, 405 MHz, 95 MHz
0, 2022/03/24 16:05:23.419, 7.19 W, 93 MHz, 405 MHz, 93 MHz
0, 2022/03/24 16:05:33.433, 7.38 W, 82 MHz, 405 MHz, 82 MHz
0, 2022/03/24 16:05:43.440, 7.58 W, 80 MHz, 405 MHz, 80 MHz
0, 2022/03/24 16:05:53.455, 7.29 W, 72 MHz, 405 MHz, 72 MHz
0, 2022/03/24 16:06:03.468, 7.39 W, 110 MHz, 405 MHz, 110 MHz
0, 2022/03/24 16:06:13.486, 7.00 W, 81 MHz, 405 MHz, 81 MHz
0, 2022/03/24 16:06:23.495, 7.38 W, 82 MHz, 405 MHz, 82 MHz
0, 2022/03/24 16:06:33.508, 9.68 W, 210 MHz, 405 MHz, 210 MHz
0, 2022/03/24 16:06:43.518, 8.56 W, 137 MHz, 810 MHz, 137 MHz
0, 2022/03/24 16:06:53.535, 7.19 W, 124 MHz, 405 MHz, 124 MHz
0, 2022/03/24 16:07:03.549, 7.39 W, 72 MHz, 405 MHz, 72 MHz
0, 2022/03/24 16:07:13.561, 7.29 W, 71 MHz, 405 MHz, 71 MHz
0, 2022/03/24 16:07:23.580, 10.11 W, 78 MHz, 405 MHz, 78 MHz
0, 2022/03/24 16:07:33.597, 7.19 W, 104 MHz, 405 MHz, 104 MHz
0, 2022/03/24 16:07:43.604, 7.19 W, 134 MHz, 405 MHz, 134 MHz
0, 2022/03/24 16:07:53.612, 7.29 W, 71 MHz, 405 MHz, 71 MHz
0, 2022/03/24 16:08:03.628, 7.29 W, 72 MHz, 405 MHz, 72 MHz
0, 2022/03/24 16:08:13.647, 7.19 W, 71 MHz, 405 MHz, 71 MHz
0, 2022/03/24 16:08:23.660, 7.19 W, 108 MHz, 405 MHz, 108 MHz
0, 2022/03/24 16:08:33.672, 7.19 W, 70 MHz, 405 MHz, 70 MHz
0, 2022/03/24 16:08:43.685, 7.48 W, 136 MHz, 405 MHz, 136 MHz
0, 2022/03/24 16:08:53.694, 8.65 W, 71 MHz, 405 MHz, 71 MHz
0, 2022/03/24 16:09:03.707, 33.12 W, 1506 MHz, 4006 MHz, 1506 MHz
0, 2022/03/24 16:09:13.720, 7.29 W, 71 MHz, 405 MHz, 71 MHz
0, 2022/03/24 16:09:23.730, 7.39 W, 71 MHz, 405 MHz, 71 MHz
0, 2022/03/24 16:09:33.747, 7.73 W, 73 MHz, 405 MHz, 73 MHz
0, 2022/03/24 16:09:43.753, 7.38 W, 74 MHz, 405 MHz, 74 MHz
0, 2022/03/24 16:09:53.765, 33.37 W, 1506 MHz, 4006 MHz, 1506 MHz
0, 2022/03/24 16:10:03.776, 8.60 W, 236 MHz, 810 MHz, 236 MHz
0, 2022/03/24 16:10:13.785, 7.63 W, 115 MHz, 405 MHz, 115 MHz
0, 2022/03/24 16:10:23.798, 7.48 W, 88 MHz, 405 MHz, 88 MHz
0, 2022/03/24 16:10:33.814, 33.37 W, 1506 MHz, 4006 MHz, 1506 MHz
0, 2022/03/24 16:10:43.820, 33.37 W, 1506 MHz, 4006 MHz, 1506 MHz
0, 2022/03/24 16:10:53.837, 28.69 W, 1383 MHz, 3802 MHz, 1383 MHz
0, 2022/03/24 16:11:03.842, 33.27 W, 1506 MHz, 4006 MHz, 1506 MHz
0, 2022/03/24 16:11:13.849, 33.61 W, 1506 MHz, 4006 MHz, 1506 MHz
0, 2022/03/24 16:11:23.860, 33.61 W, 1506 MHz, 4006 MHz, 1506 MHz
0, 2022/03/24 16:11:33.868, 33.86 W, 1506 MHz, 4006 MHz, 1506 MHz
0, 2022/03/24 16:11:43.878, 33.86 W, 1506 MHz, 4006 MHz, 1506 MHz
0, 2022/03/24 16:11:53.889, 8.07 W, 139 MHz, 405 MHz, 139 MHz
0, 2022/03/24 16:12:03.894, 7.88 W, 87 MHz, 405 MHz, 87 MHz
0, 2022/03/24 16:12:13.904, 7.63 W, 82 MHz, 405 MHz, 82 MHz
0, 2022/03/24 16:12:23.912, 7.92 W, 119 MHz, 405 MHz, 119 MHz
0, 2022/03/24 16:12:33.927, 7.53 W, 130 MHz, 405 MHz, 130 MHz
0, 2022/03/24 16:12:43.945, 9.63 W, 82 MHz, 405 MHz, 82 MHz
0, 2022/03/24 16:12:53.961, 7.73 W, 122 MHz, 405 MHz, 122 MHz
0, 2022/03/24 16:13:03.977, 7.53 W, 90 MHz, 405 MHz, 90 MHz
0, 2022/03/24 16:13:13.983, 10.45 W, 138 MHz, 405 MHz, 138 MHz
0, 2022/03/24 16:13:23.990, 7.29 W, 128 MHz, 405 MHz, 128 MHz
0, 2022/03/24 16:13:34.009, 29.46 W, 911 MHz, 4006 MHz, 911 MHz
0, 2022/03/24 16:13:44.023, 8.26 W, 131 MHz, 405 MHz, 131 MHz
0, 2022/03/24 16:13:54.040, 8.26 W, 138 MHz, 405 MHz, 138 MHz
0, 2022/03/24 16:14:04.051, 7.73 W, 78 MHz, 405 MHz, 78 MHz
0, 2022/03/24 16:14:14.069, 7.44 W, 77 MHz, 405 MHz, 77 MHz
0, 2022/03/24 16:14:24.086, 7.92 W, 76 MHz, 405 MHz, 76 MHz
0, 2022/03/24 16:14:34.092, 7.09 W, 78 MHz, 405 MHz, 78 MHz
0, 2022/03/24 16:14:44.105, 7.53 W, 81 MHz, 405 MHz, 81 MHz
0, 2022/03/24 16:14:54.123, 7.29 W, 81 MHz, 405 MHz, 81 MHz
0, 2022/03/24 16:15:04.136, 8.46 W, 124 MHz, 405 MHz, 124 MHz
0, 2022/03/24 16:15:14.150, 33.27 W, 147 MHz, 4006 MHz, 147 MHz
0, 2022/03/24 16:15:24.158, 33.44 W, 1494 MHz, 4006 MHz, 1494 MHz
0, 2022/03/24 16:15:34.170, 33.94 W, 1506 MHz, 4006 MHz, 1506 MHz
0, 2022/03/24 16:15:44.185, 33.61 W, 1506 MHz, 4006 MHz, 1506 MHz
0, 2022/03/24 16:15:54.192, 33.52 W, 1506 MHz, 4006 MHz, 1506 MHz
0, 2022/03/24 16:16:04.209, 33.52 W, 1506 MHz, 4006 MHz, 1506 MHz
0, 2022/03/24 16:16:14.223, 8.60 W, 113 MHz, 405 MHz, 113 MHz
0, 2022/03/24 16:16:24.234, 7.87 W, 113 MHz, 405 MHz, 113 MHz
0, 2022/03/24 16:16:34.246, 10.31 W, 136 MHz, 405 MHz, 136 MHz
0, 2022/03/24 16:16:44.257, 7.53 W, 119 MHz, 405 MHz, 119 MHz
0, 2022/03/24 16:16:54.270, 9.09 W, 136 MHz, 405 MHz, 174 MHz
0, 2022/03/24 16:17:04.276, 7.63 W, 89 MHz, 405 MHz, 89 MHz
0, 2022/03/24 16:17:14.284, 7.63 W, 86 MHz, 405 MHz, 86 MHz
0, 2022/03/24 16:17:24.302, 8.17 W, 157 MHz, 405 MHz, 157 MHz
0, 2022/03/24 16:17:34.309, 7.63 W, 93 MHz, 405 MHz, 93 MHz
0, 2022/03/24 16:17:44.326, 7.29 W, 95 MHz, 405 MHz, 95 MHz
0, 2022/03/24 16:17:54.333, 7.92 W, 88 MHz, 405 MHz, 88 MHz
0, 2022/03/24 16:18:04.340, 7.29 W, 92 MHz, 405 MHz, 92 MHz
0, 2022/03/24 16:18:14.352, 7.63 W, 88 MHz, 405 MHz, 88 MHz
0, 2022/03/24 16:18:24.357, 7.73 W, 101 MHz, 405 MHz, 101 MHz
0, 2022/03/24 16:18:34.373, 7.73 W, 98 MHz, 405 MHz, 98 MHz
0, 2022/03/24 16:18:44.378, 7.63 W, 99 MHz, 405 MHz, 99 MHz
0, 2022/03/24 16:18:54.397, 7.92 W, 101 MHz, 405 MHz, 101 MHz
0, 2022/03/24 16:19:04.401, 7.53 W, 97 MHz, 405 MHz, 97 MHz
0, 2022/03/24 16:19:14.408, 7.82 W, 82 MHz, 405 MHz, 82 MHz
0, 2022/03/24 16:19:24.416, 7.63 W, 116 MHz, 405 MHz, 116 MHz
0, 2022/03/24 16:19:34.425, 7.63 W, 77 MHz, 405 MHz, 77 MHz
0, 2022/03/24 16:19:44.430, 33.37 W, 1506 MHz, 4006 MHz, 1506 MHz
0, 2022/03/24 16:19:54.442, 33.37 W, 1506 MHz, 4006 MHz, 1506 MHz
0, 2022/03/24 16:20:04.449, 33.52 W, 1506 MHz, 4006 MHz, 1506 MHz
0, 2022/03/24 16:20:14.465, 9.24 W, 544 MHz, 810 MHz, 544 MHz
0, 2022/03/24 16:20:24.481, 9.14 W, 209 MHz, 810 MHz, 209 MHz
0, 2022/03/24 16:20:34.486, 9.58 W, 219 MHz, 810 MHz, 219 MHz
0, 2022/03/24 16:20:44.499, 9.24 W, 219 MHz, 810 MHz, 219 MHz
0, 2022/03/24 16:20:54.503, 11.77 W, 270 MHz, 810 MHz, 270 MHz
0, 2022/03/24 16:21:04.518, 8.07 W, 119 MHz, 405 MHz, 119 MHz
0, 2022/03/24 16:21:14.534, 8.17 W, 122 MHz, 405 MHz, 122 MHz
0, 2022/03/24 16:21:24.546, 7.34 W, 76 MHz, 405 MHz, 76 MHz
0, 2022/03/24 16:21:34.564, 8.07 W, 116 MHz, 405 MHz, 116 MHz
0, 2022/03/24 16:21:44.569, 8.02 W, 103 MHz, 405 MHz, 103 MHz
0, 2022/03/24 16:21:54.576, 8.11 W, 124 MHz, 405 MHz, 124 MHz
0, 2022/03/24 16:22:04.583, 8.26 W, 126 MHz, 405 MHz, 126 MHz
0, 2022/03/24 16:22:14.587, 8.56 W, 121 MHz, 405 MHz, 121 MHz
0, 2022/03/24 16:22:24.597, 7.83 W, 121 MHz, 405 MHz, 121 MHz
0, 2022/03/24 16:22:34.615, 7.83 W, 121 MHz, 405 MHz, 121 MHz
0, 2022/03/24 16:22:44.627, 7.92 W, 121 MHz, 405 MHz, 121 MHz
0, 2022/03/24 16:22:54.640, 7.92 W, 123 MHz, 405 MHz, 123 MHz
0, 2022/03/24 16:23:04.645, 8.65 W, 126 MHz, 405 MHz, 126 MHz
0, 2022/03/24 16:23:14.651, 7.82 W, 125 MHz, 405 MHz, 125 MHz
0, 2022/03/24 16:23:24.662, 7.83 W, 89 MHz, 405 MHz, 89 MHz
0, 2022/03/24 16:23:34.679, 8.55 W, 131 MHz, 405 MHz, 131 MHz
0, 2022/03/24 16:23:44.690, 7.72 W, 270 MHz, 405 MHz, 270 MHz
0, 2022/03/24 16:23:54.700, 33.37 W, 1506 MHz, 4006 MHz, 1506 MHz
0, 2022/03/24 16:24:04.720, 33.60 W, 1506 MHz, 4006 MHz, 1506 MHz
0, 2022/03/24 16:24:14.740, 33.61 W, 1506 MHz, 4006 MHz, 1506 MHz
0, 2022/03/24 16:24:24.747, 33.61 W, 1506 MHz, 4006 MHz, 1506 MHz
0, 2022/03/24 16:24:34.762, 8.95 W, 135 MHz, 810 MHz, 135 MHz
0, 2022/03/24 16:24:44.767, 7.44 W, 74 MHz, 405 MHz, 74 MHz
0, 2022/03/24 16:24:54.781, 8.07 W, 73 MHz, 405 MHz, 73 MHz
0, 2022/03/24 16:25:04.796, 8.36 W, 103 MHz, 405 MHz, 103 MHz
0, 2022/03/24 16:25:14.811, 7.53 W, 82 MHz, 405 MHz, 82 MHz
0, 2022/03/24 16:25:24.824, 7.44 W, 73 MHz, 405 MHz, 73 MHz
0, 2022/03/24 16:25:34.829, 7.53 W, 71 MHz, 405 MHz, 71 MHz
0, 2022/03/24 16:25:44.836, 7.53 W, 71 MHz, 405 MHz, 71 MHz
0, 2022/03/24 16:25:54.850, 7.88 W, 268 MHz, 405 MHz, 268 MHz
0, 2022/03/24 16:26:04.859, 35.19 W, 1506 MHz, 4006 MHz, 1506 MHz
0, 2022/03/24 16:26:14.872, 33.61 W, 1506 MHz, 4006 MHz, 1506 MHz
0, 2022/03/24 16:26:24.880, 33.86 W, 1505 MHz, 4006 MHz, 1505 MHz
0, 2022/03/24 16:26:34.889, 33.86 W, 1506 MHz, 4006 MHz, 1506 MHz
0, 2022/03/24 16:26:44.903, 8.80 W, 173 MHz, 405 MHz, 173 MHz
0, 2022/03/24 16:26:54.911, 8.07 W, 111 MHz, 405 MHz, 111 MHz
0, 2022/03/24 16:27:04.924, 33.93 W, 1506 MHz, 4006 MHz, 1506 MHz
0, 2022/03/24 16:27:14.939, 33.86 W, 1506 MHz, 4006 MHz, 1506 MHz
0, 2022/03/24 16:27:24.951, 34.72 W, 1505 MHz, 4006 MHz, 1505 MHz
0, 2022/03/24 16:27:34.970, 34.10 W, 1505 MHz, 4006 MHz, 1505 MHz
0, 2022/03/24 16:27:44.978, 8.17 W, 91 MHz, 405 MHz, 91 MHz
0, 2022/03/24 16:27:54.989, 7.88 W, 88 MHz, 405 MHz, 88 MHz
0, 2022/03/24 16:28:05.007, 7.88 W, 88 MHz, 405 MHz, 88 MHz
0, 2022/03/24 16:28:15.014, 7.97 W, 88 MHz, 405 MHz, 88 MHz
0, 2022/03/24 16:28:25.024, 7.53 W, 88 MHz, 405 MHz, 88 MHz
0, 2022/03/24 16:28:35.027, 7.97 W, 88 MHz, 405 MHz, 88 MHz
0, 2022/03/24 16:28:45.036, 7.73 W, 88 MHz, 405 MHz, 88 MHz
0, 2022/03/24 16:28:55.040, 7.73 W, 87 MHz, 405 MHz, 87 MHz
0, 2022/03/24 16:29:05.056, 7.73 W, 88 MHz, 405 MHz, 88 MHz
0, 2022/03/24 16:29:15.072, 7.44 W, 88 MHz, 405 MHz, 88 MHz
0, 2022/03/24 16:29:25.089, 7.63 W, 88 MHz, 405 MHz, 88 MHz
0, 2022/03/24 16:29:35.099, 8.55 W, 143 MHz, 405 MHz, 143 MHz
0, 2022/03/24 16:29:45.108, 7.53 W, 92 MHz, 405 MHz, 92 MHz
0, 2022/03/24 16:29:55.115, 7.63 W, 91 MHz, 405 MHz, 91 MHz
0, 2022/03/24 16:30:05.125, 8.26 W, 97 MHz, 405 MHz, 97 MHz
0, 2022/03/24 16:30:15.145, 7.53 W, 98 MHz, 405 MHz, 98 MHz
0, 2022/03/24 16:30:25.150, 7.53 W, 91 MHz, 405 MHz, 91 MHz
0, 2022/03/24 16:30:35.166, 7.63 W, 92 MHz, 405 MHz, 92 MHz
0, 2022/03/24 16:30:45.171, 7.73 W, 92 MHz, 405 MHz, 92 MHz
0, 2022/03/24 16:30:55.185, 7.73 W, 132 MHz, 405 MHz, 132 MHz
0, 2022/03/24 16:31:05.205, 7.73 W, 97 MHz, 405 MHz, 97 MHz
0, 2022/03/24 16:31:15.213, 7.43 W, 110 MHz, 405 MHz, 110 MHz
0, 2022/03/24 16:31:25.229, 7.53 W, 119 MHz, 405 MHz, 119 MHz
0, 2022/03/24 16:31:35.234, 8.46 W, 122 MHz, 405 MHz, 122 MHz
0, 2022/03/24 16:31:45.251, 7.63 W, 87 MHz, 405 MHz, 87 MHz
0, 2022/03/24 16:31:55.264, 7.53 W, 88 MHz, 405 MHz, 88 MHz
0, 2022/03/24 16:32:05.282, 8.36 W, 133 MHz, 405 MHz, 133 MHz
0, 2022/03/24 16:32:15.293, 7.83 W, 87 MHz, 405 MHz, 87 MHz
0, 2022/03/24 16:32:25.303, 7.53 W, 87 MHz, 405 MHz, 87 MHz
0, 2022/03/24 16:32:35.318, 7.53 W, 148 MHz, 405 MHz, 148 MHz
0, 2022/03/24 16:32:45.322, 8.94 W, 151 MHz, 810 MHz, 151 MHz
0, 2022/03/24 16:32:55.336, 9.53 W, 209 MHz, 810 MHz, 209 MHz
0, 2022/03/24 16:33:05.345, 8.51 W, 150 MHz, 810 MHz, 150 MHz
0, 2022/03/24 16:33:15.362, 8.80 W, 205 MHz, 810 MHz, 205 MHz
0, 2022/03/24 16:33:25.370, 7.73 W, 89 MHz, 405 MHz, 89 MHz
0, 2022/03/24 16:33:35.382, 7.63 W, 88 MHz, 405 MHz, 88 MHz
0, 2022/03/24 16:33:45.388, 7.73 W, 89 MHz, 405 MHz, 89 MHz
0, 2022/03/24 16:33:55.404, 7.83 W, 88 MHz, 405 MHz, 88 MHz
0, 2022/03/24 16:34:05.420, 7.63 W, 88 MHz, 405 MHz, 88 MHz
0, 2022/03/24 16:34:15.437, 7.63 W, 88 MHz, 405 MHz, 88 MHz
0, 2022/03/24 16:34:25.443, 7.53 W, 88 MHz, 405 MHz, 88 MHz
0, 2022/03/24 16:34:35.457, 7.83 W, 87 MHz, 405 MHz, 87 MHz
0, 2022/03/24 16:34:45.469, 7.63 W, 89 MHz, 405 MHz, 89 MHz
0, 2022/03/24 16:34:55.487, 7.73 W, 89 MHz, 405 MHz, 89 MHz
0, 2022/03/24 16:35:05.496, 7.63 W, 88 MHz, 405 MHz, 88 MHz
0, 2022/03/24 16:35:15.502, 7.58 W, 88 MHz, 405 MHz, 88 MHz
0, 2022/03/24 16:35:25.512, 7.53 W, 88 MHz, 405 MHz, 88 MHz
0, 2022/03/24 16:35:35.523, 7.39 W, 88 MHz, 405 MHz, 88 MHz
0, 2022/03/24 16:35:45.531, 7.53 W, 88 MHz, 405 MHz, 88 MHz
0, 2022/03/24 16:35:55.540, 7.83 W, 88 MHz, 405 MHz, 88 MHz
0, 2022/03/24 16:36:05.559, 7.73 W, 89 MHz, 405 MHz, 89 MHz
0, 2022/03/24 16:36:15.569, 7.83 W, 87 MHz, 405 MHz, 87 MHz
0, 2022/03/24 16:36:25.588, 7.63 W, 88 MHz, 405 MHz, 88 MHz
0, 2022/03/24 16:36:35.597, 7.73 W, 88 MHz, 405 MHz, 88 MHz
0, 2022/03/24 16:36:45.607, 8.51 W, 140 MHz, 810 MHz, 140 MHz
0, 2022/03/24 16:36:55.626, 7.44 W, 82 MHz, 405 MHz, 82 MHz
0, 2022/03/24 16:37:05.642, 7.44 W, 82 MHz, 405 MHz, 82 MHz
0, 2022/03/24 16:37:15.659, 7.63 W, 82 MHz, 405 MHz, 82 MHz
0, 2022/03/24 16:37:25.672, 33.37 W, 1506 MHz, 4006 MHz, 1506 MHz
0, 2022/03/24 16:37:35.681, 28.79 W, 1506 MHz, 3802 MHz, 1506 MHz
0, 2022/03/24 16:37:45.699, 7.44 W, 88 MHz, 405 MHz, 88 MHz
0, 2022/03/24 16:37:55.704, 7.53 W, 88 MHz, 405 MHz, 88 MHz
0, 2022/03/24 16:38:05.722, 7.63 W, 88 MHz, 405 MHz, 88 MHz
0, 2022/03/24 16:38:15.727, 33.71 W, 1506 MHz, 4006 MHz, 1506 MHz
0, 2022/03/24 16:38:25.732, 33.61 W, 1506 MHz, 4006 MHz, 1506 MHz
0, 2022/03/24 16:38:35.745, 7.83 W, 105 MHz, 405 MHz, 105 MHz
0, 2022/03/24 16:38:45.753, 7.88 W, 78 MHz, 405 MHz, 78 MHz
0, 2022/03/24 16:38:55.769, 34.39 W, 172 MHz, 4006 MHz, 172 MHz
0, 2022/03/24 16:39:05.776, 33.95 W, 1506 MHz, 4006 MHz, 1506 MHz
0, 2022/03/24 16:39:15.781, 33.95 W, 1506 MHz, 4006 MHz, 1506 MHz
0, 2022/03/24 16:39:25.797, 29.03 W, 1170 MHz, 3802 MHz, 1170 MHz
0, 2022/03/24 16:39:35.815, 8.41 W, 86 MHz, 405 MHz, 86 MHz
0, 2022/03/24 16:39:45.834, 33.95 W, 1506 MHz, 4006 MHz, 1506 MHz
0, 2022/03/24 16:39:55.853, 33.95 W, 1506 MHz, 4006 MHz, 1506 MHz
0, 2022/03/24 16:40:05.865, 33.86 W, 1506 MHz, 4006 MHz, 1506 MHz
0, 2022/03/24 16:40:15.879, 33.95 W, 1506 MHz, 4006 MHz, 1506 MHz
0, 2022/03/24 16:40:25.895, 7.88 W, 86 MHz, 405 MHz, 86 MHz
0, 2022/03/24 16:40:35.911, 8.31 W, 138 MHz, 405 MHz, 138 MHz
0, 2022/03/24 16:40:45.927, 8.41 W, 130 MHz, 405 MHz, 130 MHz
0, 2022/03/24 16:40:55.943, 7.78 W, 75 MHz, 405 MHz, 75 MHz
0, 2022/03/24 16:41:05.953, 18.66 W, 81 MHz, 4006 MHz, 81 MHz
0, 2022/03/24 16:41:15.960, 9.68 W, 201 MHz, 810 MHz, 201 MHz
0, 2022/03/24 16:41:25.967, 35.22 W, 1506 MHz, 4006 MHz, 1506 MHz
0, 2022/03/24 16:41:35.980, 34.73 W, 1506 MHz, 4006 MHz, 1506 MHz
0, 2022/03/24 16:41:45.994, 34.20 W, 1506 MHz, 4006 MHz, 1506 MHz
0, 2022/03/24 16:41:56.010, 34.20 W, 1506 MHz, 4006 MHz, 1506 MHz
0, 2022/03/24 16:42:06.020, 9.19 W, 256 MHz, 810 MHz, 256 MHz
0, 2022/03/24 16:42:16.038, 34.18 W, 1506 MHz, 4006 MHz, 1506 MHz
0, 2022/03/24 16:42:26.050, 34.20 W, 1506 MHz, 4006 MHz, 1506 MHz
0, 2022/03/24 16:42:36.060, 34.20 W, 1506 MHz, 4006 MHz, 1506 MHz
0, 2022/03/24 16:42:46.077, 34.20 W, 1506 MHz, 4006 MHz, 1506 MHz
0, 2022/03/24 16:42:56.091, 34.20 W, 1506 MHz, 4006 MHz, 1506 MHz
0, 2022/03/24 16:43:06.098, 34.42 W, 802 MHz, 4006 MHz, 802 MHz
0, 2022/03/24 16:43:16.117, 34.35 W, 1506 MHz, 4006 MHz, 1506 MHz
0, 2022/03/24 16:43:26.133, 34.78 W, 1505 MHz, 4006 MHz, 1505 MHz
0, 2022/03/24 16:43:36.143, 34.44 W, 1506 MHz, 4006 MHz, 1506 MHz
0, 2022/03/24 16:43:46.156, 34.44 W, 1506 MHz, 4006 MHz, 1506 MHz
0, 2022/03/24 16:43:56.162, 9.29 W, 204 MHz, 405 MHz, 204 MHz
0, 2022/03/24 16:44:06.182, 9.92 W, 201 MHz, 810 MHz, 201 MHz
0, 2022/03/24 16:44:16.190, 12.30 W, 197 MHz, 810 MHz, 197 MHz
0, 2022/03/24 16:44:26.205, 9.19 W, 197 MHz, 810 MHz, 197 MHz
0, 2022/03/24 16:44:36.220, 9.68 W, 211 MHz, 810 MHz, 211 MHz
0, 2022/03/24 16:44:46.237, 34.56 W, 1506 MHz, 4006 MHz, 1506 MHz
0, 2022/03/24 16:44:56.243, 34.54 W, 1505 MHz, 4006 MHz, 1505 MHz
0, 2022/03/24 16:45:06.261, 34.10 W, 1506 MHz, 4006 MHz, 1506 MHz
0, 2022/03/24 16:45:16.265, 34.20 W, 1506 MHz, 4006 MHz, 1506 MHz
0, 2022/03/24 16:45:26.278, 34.20 W, 1506 MHz, 4006 MHz, 1506 MHz
0, 2022/03/24 16:45:36.291, 7.88 W, 80 MHz, 405 MHz, 80 MHz
0, 2022/03/24 16:45:46.303, 7.78 W, 80 MHz, 405 MHz, 80 MHz
0, 2022/03/24 16:45:56.318, 7.78 W, 79 MHz, 405 MHz, 79 MHz
0, 2022/03/24 16:46:06.332, 7.78 W, 79 MHz, 405 MHz, 79 MHz
0, 2022/03/24 16:46:16.345, 9.15 W, 84 MHz, 405 MHz, 84 MHz
0, 2022/03/24 16:46:26.362, 7.78 W, 77 MHz, 405 MHz, 77 MHz
0, 2022/03/24 16:46:36.367, 7.78 W, 95 MHz, 405 MHz, 95 MHz
0, 2022/03/24 16:46:46.381, 29.13 W, 860 MHz, 3802 MHz, 860 MHz
0, 2022/03/24 16:46:56.394, 7.34 W, 72 MHz, 405 MHz, 72 MHz
0, 2022/03/24 16:47:06.400, 7.53 W, 72 MHz, 405 MHz, 72 MHz
0, 2022/03/24 16:47:16.416, 7.73 W, 71 MHz, 405 MHz, 71 MHz
0, 2022/03/24 16:47:26.430, 7.53 W, 72 MHz, 405 MHz, 72 MHz
0, 2022/03/24 16:47:36.445, 7.63 W, 72 MHz, 405 MHz, 72 MHz
0, 2022/03/24 16:47:46.462, 7.73 W, 73 MHz, 405 MHz, 73 MHz
0, 2022/03/24 16:47:56.470, 7.53 W, 71 MHz, 405 MHz, 71 MHz
0, 2022/03/24 16:48:06.480, 7.53 W, 72 MHz, 405 MHz, 72 MHz
0, 2022/03/24 16:48:16.493, 7.44 W, 72 MHz, 405 MHz, 72 MHz
0, 2022/03/24 16:48:26.511, 7.53 W, 72 MHz, 405 MHz, 72 MHz
0, 2022/03/24 16:48:36.521, 7.34 W, 72 MHz, 405 MHz, 72 MHz
0, 2022/03/24 16:48:46.531, 7.53 W, 72 MHz, 405 MHz, 72 MHz
0, 2022/03/24 16:48:56.546, 7.53 W, 72 MHz, 405 MHz, 72 MHz
0, 2022/03/24 16:49:06.560, 7.63 W, 72 MHz, 405 MHz, 72 MHz
0, 2022/03/24 16:49:16.579, 7.63 W, 72 MHz, 405 MHz, 72 MHz
0, 2022/03/24 16:49:26.597, 7.53 W, 72 MHz, 405 MHz, 72 MHz
0, 2022/03/24 16:49:36.614, 7.53 W, 71 MHz, 405 MHz, 71 MHz
0, 2022/03/24 16:49:46.625, 7.63 W, 72 MHz, 405 MHz, 72 MHz
0, 2022/03/24 16:49:56.644, 7.63 W, 72 MHz, 405 MHz, 72 MHz
0, 2022/03/24 16:50:06.649, 7.44 W, 72 MHz, 405 MHz, 72 MHz
0, 2022/03/24 16:50:16.663, 7.44 W, 73 MHz, 405 MHz, 73 MHz
0, 2022/03/24 16:50:26.681, 7.73 W, 72 MHz, 405 MHz, 72 MHz
0, 2022/03/24 16:50:36.695, 7.44 W, 72 MHz, 405 MHz, 72 MHz
0, 2022/03/24 16:50:46.708, 33.33 W, 74 MHz, 4006 MHz, 74 MHz
0, 2022/03/24 16:50:56.714, 28.88 W, 911 MHz, 3802 MHz, 911 MHz
0, 2022/03/24 16:51:04.770, 7.44 W, 71 MHz, 405 MHz, 71 MHz
0, 2022/03/24 16:51:14.780, 7.63 W, 71 MHz, 405 MHz, 71 MHz
0, 2022/03/24 16:51:24.784, 7.63 W, 72 MHz, 405 MHz, 72 MHz
0, 2022/03/24 16:51:34.801, 7.29 W, 71 MHz, 405 MHz, 71 MHz
0, 2022/03/24 16:51:44.813, 7.53 W, 71 MHz, 405 MHz, 71 MHz
0, 2022/03/24 16:51:54.832, 7.73 W, 72 MHz, 405 MHz, 72 MHz
0, 2022/03/24 16:52:04.844, 7.29 W, 72 MHz, 405 MHz, 72 MHz
0, 2022/03/24 16:52:14.849, 7.53 W, 72 MHz, 405 MHz, 72 MHz
0, 2022/03/24 16:52:24.858, 7.53 W, 72 MHz, 405 MHz, 72 MHz
0, 2022/03/24 16:52:34.870, 7.29 W, 71 MHz, 405 MHz, 71 MHz
0, 2022/03/24 16:52:44.875, 7.09 W, 71 MHz, 405 MHz, 71 MHz
0, 2022/03/24 16:52:54.887, 7.29 W, 72 MHz, 405 MHz, 72 MHz
0, 2022/03/24 16:53:04.906, 7.53 W, 71 MHz, 405 MHz, 71 MHz
0, 2022/03/24 16:53:14.916, 7.53 W, 72 MHz, 405 MHz, 72 MHz
0, 2022/03/24 16:53:24.920, 7.39 W, 72 MHz, 405 MHz, 72 MHz
0, 2022/03/24 16:53:34.931, 7.39 W, 72 MHz, 405 MHz, 72 MHz
0, 2022/03/24 16:53:44.947, 7.53 W, 72 MHz, 405 MHz, 72 MHz
0, 2022/03/24 16:53:54.953, 7.63 W, 72 MHz, 405 MHz, 72 MHz
0, 2022/03/24 16:54:04.960, 7.73 W, 72 MHz, 405 MHz, 72 MHz
0, 2022/03/24 16:54:14.975, 7.39 W, 71 MHz, 405 MHz, 71 MHz
0, 2022/03/24 16:54:24.990, 7.34 W, 71 MHz, 405 MHz, 71 MHz
0, 2022/03/24 16:54:35.001, 7.19 W, 72 MHz, 405 MHz, 72 MHz
0, 2022/03/24 16:54:45.012, 7.29 W, 72 MHz, 405 MHz, 72 MHz
0, 2022/03/24 16:54:55.026, 7.19 W, 71 MHz, 405 MHz, 71 MHz
0, 2022/03/24 16:55:05.044, 7.48 W, 70 MHz, 405 MHz, 70 MHz
0, 2022/03/24 16:55:15.053, 7.29 W, 73 MHz, 405 MHz, 73 MHz
0, 2022/03/24 16:55:25.069, 7.63 W, 71 MHz, 405 MHz, 71 MHz
0, 2022/03/24 16:55:35.073, 7.43 W, 71 MHz, 405 MHz, 71 MHz
0, 2022/03/24 16:55:45.079, 7.19 W, 71 MHz, 405 MHz, 71 MHz
0, 2022/03/24 16:55:55.096, 7.39 W, 71 MHz, 405 MHz, 71 MHz
0, 2022/03/24 16:56:05.114, 7.53 W, 71 MHz, 405 MHz, 71 MHz
0, 2022/03/24 16:56:15.127, 7.29 W, 71 MHz, 405 MHz, 71 MHz
0, 2022/03/24 16:56:25.131, 7.39 W, 72 MHz, 405 MHz, 72 MHz
0, 2022/03/24 16:56:35.139, 7.29 W, 72 MHz, 405 MHz, 72 MHz
0, 2022/03/24 16:56:45.154, 7.53 W, 72 MHz, 405 MHz, 72 MHz
0, 2022/03/24 16:56:55.172, 7.44 W, 72 MHz, 405 MHz, 72 MHz
0, 2022/03/24 16:57:05.188, 7.09 W, 72 MHz, 405 MHz, 72 MHz
0, 2022/03/24 16:57:15.192, 7.19 W, 72 MHz, 405 MHz, 72 MHz
0, 2022/03/24 16:57:25.211, 7.19 W, 71 MHz, 405 MHz, 71 MHz
0, 2022/03/24 16:57:35.222, 7.53 W, 71 MHz, 405 MHz, 71 MHz
0, 2022/03/24 16:57:45.235, 7.83 W, 72 MHz, 405 MHz, 72 MHz
0, 2022/03/24 16:57:55.243, 7.63 W, 71 MHz, 405 MHz, 71 MHz
0, 2022/03/24 16:58:05.255, 7.19 W, 72 MHz, 405 MHz, 72 MHz
0, 2022/03/24 16:58:15.261, 7.19 W, 71 MHz, 405 MHz, 71 MHz
0, 2022/03/24 16:58:25.274, 7.83 W, 72 MHz, 405 MHz, 72 MHz
0, 2022/03/24 16:58:35.283, 7.09 W, 72 MHz, 405 MHz, 72 MHz
0, 2022/03/24 16:58:45.291, 7.29 W, 73 MHz, 405 MHz, 73 MHz
0, 2022/03/24 16:58:55.301, 7.29 W, 71 MHz, 405 MHz, 71 MHz
0, 2022/03/24 16:59:05.317, 7.09 W, 72 MHz, 405 MHz, 72 MHz
0, 2022/03/24 16:59:15.326, 7.39 W, 72 MHz, 405 MHz, 72 MHz
0, 2022/03/24 16:59:25.340, 7.39 W, 72 MHz, 405 MHz, 72 MHz
0, 2022/03/24 16:59:35.359, 7.53 W, 71 MHz, 405 MHz, 71 MHz
0, 2022/03/24 16:59:45.373, 7.19 W, 72 MHz, 405 MHz, 72 MHz
0, 2022/03/24 16:59:55.379, 7.38 W, 72 MHz, 405 MHz, 72 MHz
0, 2022/03/24 17:00:05.389, 7.19 W, 72 MHz, 405 MHz, 72 MHz
0, 2022/03/24 17:00:15.399, 7.39 W, 72 MHz, 405 MHz, 72 MHz
0, 2022/03/24 17:00:25.418, 7.53 W, 72 MHz, 405 MHz, 72 MHz
0, 2022/03/24 17:00:35.424, 7.44 W, 72 MHz, 405 MHz, 72 MHz
0, 2022/03/24 17:00:45.431, 7.83 W, 71 MHz, 405 MHz, 71 MHz
0, 2022/03/24 17:00:55.442, 7.19 W, 71 MHz, 405 MHz, 71 MHz
0, 2022/03/24 17:01:05.460, 7.63 W, 72 MHz, 405 MHz, 72 MHz
0, 2022/03/24 17:01:15.464, 7.29 W, 72 MHz, 405 MHz, 72 MHz
0, 2022/03/24 17:01:25.468, 7.53 W, 72 MHz, 405 MHz, 72 MHz
0, 2022/03/24 17:01:35.474, 7.53 W, 72 MHz, 405 MHz, 72 MHz
0, 2022/03/24 17:01:45.487, 6.17 W, 7 MHz, 405 MHz, 7 MHz
0, 2022/03/24 17:01:55.500, 6.27 W, 7 MHz, 405 MHz, 7 MHz
0, 2022/03/24 17:02:05.508, 6.61 W, 7 MHz, 405 MHz, 7 MHz
0, 2022/03/24 17:02:15.525, 6.17 W, 7 MHz, 405 MHz, 7 MHz
0, 2022/03/24 17:02:25.536, 6.17 W, 7 MHz, 405 MHz, 7 MHz
0, 2022/03/24 17:02:35.543, 6.17 W, 7 MHz, 405 MHz, 7 MHz
0, 2022/03/24 17:02:45.546, 6.27 W, 7 MHz, 405 MHz, 7 MHz
0, 2022/03/24 17:02:55.553, 6.17 W, 7 MHz, 405 MHz, 7 MHz
0, 2022/03/24 17:03:05.564, 6.27 W, 6 MHz, 405 MHz, 6 MHz
0, 2022/03/24 17:03:15.571, 6.27 W, 7 MHz, 405 MHz, 7 MHz
0, 2022/03/24 17:03:25.583, 6.27 W, 6 MHz, 405 MHz, 6 MHz
0, 2022/03/24 17:03:35.596, 6.07 W, 7 MHz, 405 MHz, 7 MHz
0, 2022/03/24 17:03:45.603, 6.17 W, 6 MHz, 405 MHz, 6 MHz
0, 2022/03/24 17:03:55.617, 6.27 W, 7 MHz, 405 MHz, 7 MHz
0, 2022/03/24 17:04:05.622, 6.17 W, 7 MHz, 405 MHz, 7 MHz
0, 2022/03/24 17:04:15.638, 6.17 W, 7 MHz, 405 MHz, 7 MHz
0, 2022/03/24 17:04:25.647, 6.07 W, 7 MHz, 405 MHz, 7 MHz
0, 2022/03/24 17:04:35.665, 6.07 W, 7 MHz, 405 MHz, 7 MHz
0, 2022/03/24 17:04:45.669, 6.07 W, 7 MHz, 405 MHz, 7 MHz
0, 2022/03/24 17:04:55.684, 6.07 W, 7 MHz, 405 MHz, 7 MHz
0, 2022/03/24 17:05:05.689, 6.07 W, 6 MHz, 405 MHz, 6 MHz
0, 2022/03/24 17:05:15.697, 6.17 W, 7 MHz, 405 MHz, 7 MHz
0, 2022/03/24 17:05:25.713, 6.07 W, 7 MHz, 405 MHz, 7 MHz
0, 2022/03/24 17:05:35.724, 6.07 W, 7 MHz, 405 MHz, 7 MHz
0, 2022/03/24 17:05:45.741, 6.07 W, 7 MHz, 405 MHz, 7 MHz
0, 2022/03/24 17:05:55.748, 6.17 W, 7 MHz, 405 MHz, 7 MHz
0, 2022/03/24 17:06:05.758, 6.02 W, 7 MHz, 405 MHz, 7 MHz
0, 2022/03/24 17:06:15.772, 6.27 W, 6 MHz, 405 MHz, 6 MHz
0, 2022/03/24 17:06:25.782, 6.07 W, 7 MHz, 405 MHz, 7 MHz
0, 2022/03/24 17:06:35.797, 6.27 W, 7 MHz, 405 MHz, 7 MHz
0, 2022/03/24 17:06:45.809, 6.17 W, 7 MHz, 405 MHz, 7 MHz
0, 2022/03/24 17:06:55.818, 6.07 W, 7 MHz, 405 MHz, 7 MHz
0, 2022/03/24 17:07:05.832, 6.36 W, 7 MHz, 405 MHz, 7 MHz
0, 2022/03/24 17:07:15.846, 6.27 W, 6 MHz, 405 MHz, 6 MHz
0, 2022/03/24 17:07:25.862, 6.17 W, 6 MHz, 405 MHz, 6 MHz
0, 2022/03/24 17:07:35.881, 6.17 W, 7 MHz, 405 MHz, 7 MHz
0, 2022/03/24 17:07:45.886, 6.17 W, 7 MHz, 405 MHz, 7 MHz
0, 2022/03/24 17:07:55.896, 6.17 W, 7 MHz, 405 MHz, 7 MHz
0, 2022/03/24 17:08:05.905, 6.17 W, 7 MHz, 405 MHz, 7 MHz
0, 2022/03/24 17:08:15.920, 6.17 W, 7 MHz, 405 MHz, 7 MHz
0, 2022/03/24 17:08:25.937, 6.17 W, 7 MHz, 405 MHz, 7 MHz
0, 2022/03/24 17:08:35.941, 6.07 W, 7 MHz, 405 MHz, 7 MHz
0, 2022/03/24 17:08:45.948, 6.17 W, 7 MHz, 405 MHz, 7 MHz
0, 2022/03/24 17:08:55.952, 6.27 W, 7 MHz, 405 MHz, 7 MHz
0, 2022/03/24 17:09:05.969, 6.27 W, 7 MHz, 405 MHz, 7 MHz
0, 2022/03/24 17:09:15.974, 6.07 W, 7 MHz, 405 MHz, 7 MHz
0, 2022/03/24 17:09:25.985, 6.07 W, 7 MHz, 405 MHz, 7 MHz
0, 2022/03/24 17:09:35.997, 6.07 W, 7 MHz, 405 MHz, 7 MHz
0, 2022/03/24 17:09:46.015, 6.07 W, 7 MHz, 405 MHz, 7 MHz
0, 2022/03/24 17:09:56.023, 6.07 W, 7 MHz, 405 MHz, 7 MHz
0, 2022/03/24 17:10:06.038, 6.07 W, 7 MHz, 405 MHz, 7 MHz
0, 2022/03/24 17:10:16.055, 7.19 W, 7 MHz, 405 MHz, 7 MHz
0, 2022/03/24 17:10:26.068, 7.19 W, 7 MHz, 405 MHz, 7 MHz
0, 2022/03/24 17:10:36.081, 7.53 W, 7 MHz, 405 MHz, 7 MHz
0, 2022/03/24 17:10:46.092, 7.00 W, 7 MHz, 405 MHz, 7 MHz
0, 2022/03/24 17:10:56.108, 6.46 W, 7 MHz, 405 MHz, 7 MHz
0, 2022/03/24 17:11:06.116, 6.80 W, 7 MHz, 405 MHz, 7 MHz
0, 2022/03/24 17:11:16.133, 6.36 W, 7 MHz, 405 MHz, 7 MHz
0, 2022/03/24 17:11:26.148, 6.36 W, 7 MHz, 405 MHz, 7 MHz
0, 2022/03/24 17:11:36.152, 6.46 W, 7 MHz, 405 MHz, 7 MHz
0, 2022/03/24 17:11:46.161, 6.46 W, 7 MHz, 405 MHz, 7 MHz
0, 2022/03/24 17:11:56.178, 6.61 W, 6 MHz, 405 MHz, 6 MHz
0, 2022/03/24 17:12:06.194, 6.61 W, 7 MHz, 405 MHz, 7 MHz
0, 2022/03/24 17:12:16.204, 6.17 W, 7 MHz, 405 MHz, 7 MHz
0, 2022/03/24 17:12:26.214, 6.36 W, 7 MHz, 405 MHz, 7 MHz
0, 2022/03/24 17:12:36.227, 6.17 W, 7 MHz, 405 MHz, 7 MHz
0, 2022/03/24 17:12:46.234, 6.17 W, 7 MHz, 405 MHz, 7 MHz
0, 2022/03/24 17:12:56.252, 6.17 W, 6 MHz, 405 MHz, 6 MHz
0, 2022/03/24 17:13:06.265, 6.17 W, 7 MHz, 405 MHz, 7 MHz
0, 2022/03/24 17:13:16.270, 6.17 W, 7 MHz, 405 MHz, 7 MHz
0, 2022/03/24 17:13:26.281, 6.27 W, 7 MHz, 405 MHz, 7 MHz
0, 2022/03/24 17:13:36.295, 6.27 W, 7 MHz, 405 MHz, 7 MHz
0, 2022/03/24 17:13:46.314, 6.07 W, 7 MHz, 405 MHz, 7 MHz
0, 2022/03/24 17:13:56.319, 6.07 W, 7 MHz, 405 MHz, 7 MHz
0, 2022/03/24 17:14:06.335, 6.07 W, 7 MHz, 405 MHz, 7 MHz
0, 2022/03/24 17:14:16.346, 6.17 W, 7 MHz, 405 MHz, 7 MHz
0, 2022/03/24 17:14:26.357, 6.27 W, 7 MHz, 405 MHz, 7 MHz
0, 2022/03/24 17:14:36.362, 6.17 W, 7 MHz, 405 MHz, 7 MHz
0, 2022/03/24 17:14:46.375, 6.17 W, 7 MHz, 405 MHz, 7 MHz
0, 2022/03/24 17:14:56.387, 6.27 W, 7 MHz, 405 MHz, 7 MHz
0, 2022/03/24 17:15:06.400, 6.07 W, 7 MHz, 405 MHz, 7 MHz
0, 2022/03/24 17:15:16.411, 6.17 W, 7 MHz, 405 MHz, 7 MHz
0, 2022/03/24 17:15:26.429, 6.07 W, 7 MHz, 405 MHz, 7 MHz
0, 2022/03/24 17:15:36.433, 6.17 W, 7 MHz, 405 MHz, 7 MHz
0, 2022/03/24 17:15:46.437, 6.07 W, 7 MHz, 405 MHz, 7 MHz
0, 2022/03/24 17:15:56.441, 6.27 W, 7 MHz, 405 MHz, 7 MHz
0, 2022/03/24 17:16:06.452, 6.17 W, 7 MHz, 405 MHz, 7 MHz
0, 2022/03/24 17:16:16.467, 6.36 W, 7 MHz, 405 MHz, 7 MHz
0, 2022/03/24 17:16:26.471, 6.17 W, 7 MHz, 405 MHz, 7 MHz
0, 2022/03/24 17:16:36.486, 6.07 W, 7 MHz, 4